Workbook

Sheet MVd H121
A1: P | B1: 341 | C1: kN | D1: V/P | E1: =C9/B1 -> 0.66666667
A2: L | B2: 9 | C2: m
A3: a | B3: 3 | C3: m
A4: d | B4: 1.145 | C4: m
A5: R_1 | B5: =(B2-B3)/B2*B1 -> 227.33333 | C5: kN
A6: R_2 | B6: =B3/B2*B1 -> 113.66667 | C6: kN
A8: x | B8: M | C8: V | D8: M/(Vd)
A9: 0 | B9: =IF(A9<=B$3, A9*B$5, (B$2-A9)*B$6) -> 0 | C9: =IF(A9<=B$3, B$5, -B$6) -> 227.33333 | D9: =B9/(C9*B$4) -> 0
A10: 0.5 | B10: =IF(A10<=B$3, A10*B$5, (B$2-A10)*B$6) -> 113.66667 | C10: =IF(A10<=B$3, B$5, -B$6) -> 227.33333 | D10: =B10/(C10*B$4) -> 0.43668122 | E10: =A10/D10 -> 1.145
A11: 1 | B11: =IF(A11<=B$3, A11*B$5, (B$2-A11)*B$6) -> 227.33333 | C11: =IF(A11<=B$3, B$5, -B$6) -> 227.33333 | D11: =B11/(C11*B$4) -> 0.87336245 | E11: =A11/D11 -> 1.145
A12: 1.5 | B12: =IF(A12<=B$3, A12*B$5, (B$2-A12)*B$6) -> 341 | C12: =IF(A12<=B$3, B$5, -B$6) -> 227.33333 | D12: =B12/(C12*B$4) -> 1.3100437 | E12: =A12/D12 -> 1.145
A13: 2 | B13: =IF(A13<=B$3, A13*B$5, (B$2-A13)*B$6) -> 454.66667 | C13: =IF(A13<=B$3, B$5, -B$6) -> 227.33333 | D13: =B13/(C13*B$4) -> 1.7467249 | E13: =A13/D13 -> 1.145
A14: 2.5 | B14: =IF(A14<=B$3, A14*B$5, (B$2-A14)*B$6) -> 568.33333 | C14: =IF(A14<=B$3, B$5, -B$6) -> 227.33333 | D14: =B14/(C14*B$4) -> 2.1834061 | E14: =A14/D14 -> 1.145
A15: 3 | B15: =IF(A15<=B$3, A15*B$5, (B$2-A15)*B$6) -> 682 | C15: =IF(A15<=B$3, B$5, -B$6) -> 227.33333 | D15: =B15/(C15*B$4) -> 2.6200873 | E15: =A15/D15 -> 1.145
A16: 3.000001 | B16: =IF(A16<=B$3, A16*B$5, (B$2-A16)*B$6) -> 681.99989 | C16: =IF(A16<=B$3, B$5, -B$6) -> -113.66667 | D16: =B16/(C16*B$4) -> -5.2401738 | E16: =A16/D16 -> -0.57250029
A17: 3.5 | B17: =IF(A17<=B$3, A17*B$5, (B$2-A17)*B$6) -> 625.16667 | C17: =IF(A17<=B$3, B$5, -B$6) -> -113.66667 | D17: =B17/(C17*B$4) -> -4.8034934 | E17: =A17/D17 -> -0.72863636
A18: 4 | B18: =IF(A18<=B$3, A18*B$5, (B$2-A18)*B$6) -> 568.33333 | C18: =IF(A18<=B$3, B$5, -B$6) -> -113.66667 | D18: =B18/(C18*B$4) -> -4.3668122 | E18: =A18/D18 -> -0.916
A19: 4.000001 | B19: =IF(A19<=B$3, A19*B$5, (B$2-A19)*B$6) -> 568.33322 | C19: =IF(A19<=B$3, B$5, -B$6) -> -113.66667 | D19: =B19/(C19*B$4) -> -4.3668114 | E19: =A19/D19 -> -0.91600041
A20: 4.5 | B20: =IF(A20<=B$3, A20*B$5, (B$2-A20)*B$6) -> 511.5 | C20: =IF(A20<=B$3, B$5, -B$6) -> -113.66667 | D20: =B20/(C20*B$4) -> -3.930131 | E20: =A20/D20 -> -1.145
A21: 4.500001 | B21: =IF(A21<=B$3, A21*B$5, (B$2-A21)*B$6) -> 511.49989 | C21: =IF(A21<=B$3, B$5, -B$6) -> -113.66667 | D21: =B21/(C21*B$4) -> -3.9301301 | E21: =A21/D21 -> -1.1450005
... A25: 6.5 | B25: =IF(A25<=B$3, A25*B$5, (B$2-A25)*B$6) -> 284.16667 | C25: =IF(A25<=B$3, B$5, -B$6) -> -113.66667 | D25: =B25/(C25*B$4) -> -2.1834061 | E25: =A25/D25 -> -2.977
A26: 7 | B26: =IF(A26<=B$3, A26*B$5, (B$2-A26)*B$6) -> 227.33333 | C26: =IF(A26<=B$3, B$5, -B$6) -> -113.66667 | D26: =B26/(C26*B$4) -> -1.7467249 | E26: =A26/D26 -> -4.0075 | P26: b | Q26: 0.3 | R26: m
A27: 7.5 | B27: =IF(A27<=B$3, A27*B$5, (B$2-A27)*B$6) -> 170.5 | C27: =IF(A27<=B$3, B$5, -B$6) -> -113.66667 | D27: =B27/(C27*B$4) -> -1.3100437 | E27: =A27/D27 -> -5.725 | P27: h | Q27: 1.2 | R27: m
A28: 8 | B28: =IF(A28<=B$3, A28*B$5, (B$2-A28)*B$6) -> 113.66667 | C28: =IF(A28<=B$3, B$5, -B$6) -> -113.66667 | D28: =B28/(C28*B$4) -> -0.87336245 | E28: =A28/D28 -> -9.16 | P28: rho | Q28: 2450 | R28: kg/m3
A29: 8.5 | B29: =IF(A29<=B$3, A29*B$5, (B$2-A29)*B$6) -> 56.833333 | C29: =IF(A29<=B$3, B$5, -B$6) -> -113.66667 | D29: =B29/(C29*B$4) -> -0.43668122 | E29: =A29/D29 -> -19.465 | P29: g | Q29: 9.81 | R29: m/s^2
A30: 9 | B30: =IF(A30<=B$3, A30*B$5, (B$2-A30)*B$6) -> 0 | C30: =IF(A30<=B$3, B$5, -B$6) -> -113.66667 | D30: =B30/(C30*B$4) -> 0 | P30: G | Q30: =Q26*Q27*Q28*Q29/1000 -> 8.65242 | R30: kN/m
P31: V_G_sup | Q31: =Q30*B2/2 -> 38.93589 | R31: kN
P32: V (1 m) | Q32: =(4.5-1)/4.5*Q31 -> 30.28347 | R32: kN
P33: V (2 m) | Q33: =(4.5-2)/4.5*Q31 -> 21.63105 | R33: kN | S33: hier ongeveer de inclined shear crack

Sheet MVd H401
A1: P | B1: 263 | C1: kN | D1: V/P | E1: =C9/B1 -> 0.5
A2: L | B2: 9 | C2: m
A3: a | B3: 4.5 | C3: m
A4: d | B4: 1.158 | C4: m
A5: R_1 | B5: =(B2-B3)/B2*B1 -> 131.5 | C5: kN
A6: R_2 | B6: =B3/B2*B1 -> 131.5 | C6: kN
A8: x | B8: M | C8: V | D8: M/(Vd)
A9: 0 | B9: =IF(A9<=B$3, A9*B$5, (B$2-A9)*B$6) -> 0 | C9: =IF(A9<=B$3, B$5, -B$6) -> 131.5 | D9: =B9/(C9*B$4) -> 0
A10: 0.5 | B10: =IF(A10<=B$3, A10*B$5, (B$2-A10)*B$6) -> 65.75 | C10: =IF(A10<=B$3, B$5, -B$6) -> 131.5 | D10: =B10/(C10*B$4) -> 0.43177893 | E10: =A10/D10 -> 1.158
A11: 1 | B11: =IF(A11<=B$3, A11*B$5, (B$2-A11)*B$6) -> 131.5 | C11: =IF(A11<=B$3, B$5, -B$6) -> 131.5 | D11: =B11/(C11*B$4) -> 0.86355786 | E11: =A11/D11 -> 1.158
A12: 1.5 | B12: =IF(A12<=B$3, A12*B$5, (B$2-A12)*B$6) -> 197.25 | C12: =IF(A12<=B$3, B$5, -B$6) -> 131.5 | D12: =B12/(C12*B$4) -> 1.2953368 | E12: =A12/D12 -> 1.158
A13: 2 | B13: =IF(A13<=B$3, A13*B$5, (B$2-A13)*B$6) -> 263 | C13: =IF(A13<=B$3, B$5, -B$6) -> 131.5 | D13: =B13/(C13*B$4) -> 1.7271157 | E13: =A13/D13 -> 1.158
A14: 2.5 | B14: =IF(A14<=B$3, A14*B$5, (B$2-A14)*B$6) -> 328.75 | C14: =IF(A14<=B$3, B$5, -B$6) -> 131.5 | D14: =B14/(C14*B$4) -> 2.1588946 | E14: =A14/D14 -> 1.158
A15: 3 | B15: =IF(A15<=B$3, A15*B$5, (B$2-A15)*B$6) -> 394.5 | C15: =IF(A15<=B$3, B$5, -B$6) -> 131.5 | D15: =B15/(C15*B$4) -> 2.5906736 | E15: =A15/D15 -> 1.158
A16: 3.000001 | B16: =IF(A16<=B$3, A16*B$5, (B$2-A16)*B$6) -> 394.50013 | C16: =IF(A16<=B$3, B$5, -B$6) -> 131.5 | D16: =B16/(C16*B$4) -> 2.5906744 | E16: =A16/D16 -> 1.158
A17: 3.5 | B17: =IF(A17<=B$3, A17*B$5, (B$2-A17)*B$6) -> 460.25 | C17: =IF(A17<=B$3, B$5, -B$6) -> 131.5 | D17: =B17/(C17*B$4) -> 3.0224525 | E17: =A17/D17 -> 1.158
A18: 4 | B18: =IF(A18<=B$3, A18*B$5, (B$2-A18)*B$6) -> 526 | C18: =IF(A18<=B$3, B$5, -B$6) -> 131.5 | D18: =B18/(C18*B$4) -> 3.4542314 | E18: =A18/D18 -> 1.158
A19: 4.000001 | B19: =IF(A19<=B$3, A19*B$5, (B$2-A19)*B$6) -> 526.00013 | C19: =IF(A19<=B$3, B$5, -B$6) -> 131.5 | D19: =B19/(C19*B$4) -> 3.4542323 | E19: =A19/D19 -> 1.158
A20: 4.5 | B20: =IF(A20<=B$3, A20*B$5, (B$2-A20)*B$6) -> 591.75 | C20: =IF(A20<=B$3, B$5, -B$6) -> 131.5 | D20: =B20/(C20*B$4) -> 3.8860104 | E20: =A20/D20 -> 1.158
A21: 4.500001 | B21: =IF(A21<=B$3, A21*B$5, (B$2-A21)*B$6) -> 591.74987 | C21: =IF(A21<=B$3, B$5, -B$6) -> -131.5 | D21: =B21/(C21*B$4) -> -3.8860095 | E21: =A21/D21 -> -1.1580005
... A25: 6.5 | B25: =IF(A25<=B$3, A25*B$5, (B$2-A25)*B$6) -> 328.75 | C25: =IF(A25<=B$3, B$5, -B$6) -> -131.5 | D25: =B25/(C25*B$4) -> -2.1588946 | E25: =A25/D25 -> -3.0108
A26: 7 | B26: =IF(A26<=B$3, A26*B$5, (B$2-A26)*B$6) -> 263 | C26: =IF(A26<=B$3, B$5, -B$6) -> -131.5 | D26: =B26/(C26*B$4) -> -1.7271157 | E26: =A26/D26 -> -4.053 | P26: b | Q26: 0.3 | R26: m
A27: 7.5 | B27: =IF(A27<=B$3, A27*B$5, (B$2-A27)*B$6) -> 197.25 | C27: =IF(A27<=B$3, B$5, -B$6) -> -131.5 | D27: =B27/(C27*B$4) -> -1.2953368 | E27: =A27/D27 -> -5.79 | P27: h | Q27: 1.2 | R27: m
A28: 8 | B28: =IF(A28<=B$3, A28*B$5, (B$2-A28)*B$6) -> 131.5 | C28: =IF(A28<=B$3, B$5, -B$6) -> -131.5 | D28: =B28/(C28*B$4) -> -0.86355786 | E28: =A28/D28 -> -9.264 | P28: rho | Q28: 2450 | R28: kg/m3
A29: 8.5 | B29: =IF(A29<=B$3, A29*B$5, (B$2-A29)*B$6) -> 65.75 | C29: =IF(A29<=B$3, B$5, -B$6) -> -131.5 | D29: =B29/(C29*B$4) -> -0.43177893 | E29: =A29/D29 -> -19.686 | P29: g | Q29: 9.81 | R29: m/s^2
A30: 9 | B30: =IF(A30<=B$3, A30*B$5, (B$2-A30)*B$6) -> 0 | C30: =IF(A30<=B$3, B$5, -B$6) -> -131.5 | D30: =B30/(C30*B$4) -> 0 | P30: G | Q30: =Q26*Q27*Q28*Q29/1000 -> 8.65242 | R30: kN/m
P31: V_G_sup | Q31: =Q30*B2/2 -> 38.93589 | R31: kN
P32: V (1 m) | Q32: =(4.5-1)/4.5*Q31 -> 30.28347 | R32: kN
P33: V (2 m) | Q33: =(4.5-2)/4.5*Q31 -> 21.63105 | R33: kN | S33: hier ongeveer de inclined shear crack

Sheet MVd H403
A1: P | B1: 346 | C1: kN | D1: V/P | E1: =C9/B1 -> 0.5
A2: L | B2: 9 | C2: m
A3: a | B3: 4.5 | C3: m
A4: d | B4: 1.158 | C4: m
A5: R_1 | B5: =(B2-B3)/B2*B1 -> 173 | C5: kN
A6: R_2 | B6: =B3/B2*B1 -> 173 | C6: kN
A8: x | B8: M | C8: V | D8: M/(Vd)
A9: 0 | B9: =IF(A9<=B$3, A9*B$5, (B$2-A9)*B$6) -> 0 | C9: =IF(A9<=B$3, B$5, -B$6) -> 173 | D9: =B9/(C9*B$4) -> 0
A10: 0.5 | B10: =IF(A10<=B$3, A10*B$5, (B$2-A10)*B$6) -> 86.5 | C10: =IF(A10<=B$3, B$5, -B$6) -> 173 | D10: =B10/(C10*B$4) -> 0.43177893 | E10: =A10/D10 -> 1.158
A11: 1 | B11: =IF(A11<=B$3, A11*B$5, (B$2-A11)*B$6) -> 173 | C11: =IF(A11<=B$3, B$5, -B$6) -> 173 | D11: =B11/(C11*B$4) -> 0.86355786 | E11: =A11/D11 -> 1.158
A12: 1.5 | B12: =IF(A12<=B$3, A12*B$5, (B$2-A12)*B$6) -> 259.5 | C12: =IF(A12<=B$3, B$5, -B$6) -> 173 | D12: =B12/(C12*B$4) -> 1.2953368 | E12: =A12/D12 -> 1.158
A13: 2 | B13: =IF(A13<=B$3, A13*B$5, (B$2-A13)*B$6) -> 346 | C13: =IF(A13<=B$3, B$5, -B$6) -> 173 | D13: =B13/(C13*B$4) -> 1.7271157 | E13: =A13/D13 -> 1.158
A14: 2.5 | B14: =IF(A14<=B$3, A14*B$5, (B$2-A14)*B$6) -> 432.5 | C14: =IF(A14<=B$3, B$5, -B$6) -> 173 | D14: =B14/(C14*B$4) -> 2.1588946 | E14: =A14/D14 -> 1.158
A15: 3 | B15: =IF(A15<=B$3, A15*B$5, (B$2-A15)*B$6) -> 519 | C15: =IF(A15<=B$3, B$5, -B$6) -> 173 | D15: =B15/(C15*B$4) -> 2.5906736 | E15: =A15/D15 -> 1.158
A16: 3.000001 | B16: =IF(A16<=B$3, A16*B$5, (B$2-A16)*B$6) -> 519.00017 | C16: =IF(A16<=B$3, B$5, -B$6) -> 173 | D16: =B16/(C16*B$4) -> 2.5906744 | E16: =A16/D16 -> 1.158
A17: 3.5 | B17: =IF(A17<=B$3, A17*B$5, (B$2-A17)*B$6) -> 605.5 | C17: =IF(A17<=B$3, B$5, -B$6) -> 173 | D17: =B17/(C17*B$4) -> 3.0224525 | E17: =A17/D17 -> 1.158
A18: 4 | B18: =IF(A18<=B$3, A18*B$5, (B$2-A18)*B$6) -> 692 | C18: =IF(A18<=B$3, B$5, -B$6) -> 173 | D18: =B18/(C18*B$4) -> 3.4542314 | E18: =A18/D18 -> 1.158
A19: 4.000001 | B19: =IF(A19<=B$3, A19*B$5, (B$2-A19)*B$6) -> 692.00017 | C19: =IF(A19<=B$3, B$5, -B$6) -> 173 | D19: =B19/(C19*B$4) -> 3.4542323 | E19: =A19/D19 -> 1.158
A20: 4.5 | B20: =IF(A20<=B$3, A20*B$5, (B$2-A20)*B$6) -> 778.5 | C20: =IF(A20<=B$3, B$5, -B$6) -> 173 | D20: =B20/(C20*B$4) -> 3.8860104 | E20: =A20/D20 -> 1.158
A21: 4.500001 | B21: =IF(A21<=B$3, A21*B$5, (B$2-A21)*B$6) -> 778.49983 | C21: =IF(A21<=B$3, B$5, -B$6) -> -173 | D21: =B21/(C21*B$4) -> -3.8860095 | E21: =A21/D21 -> -1.1580005
... A25: 6.5 | B25: =IF(A25<=B$3, A25*B$5, (B$2-A25)*B$6) -> 432.5 | C25: =IF(A25<=B$3, B$5, -B$6) -> -173 | D25: =B25/(C25*B$4) -> -2.1588946 | E25: =A25/D25 -> -3.0108
A26: 7 | B26: =IF(A26<=B$3, A26*B$5, (B$2-A26)*B$6) -> 346 | C26: =IF(A26<=B$3, B$5, -B$6) -> -173 | D26: =B26/(C26*B$4) -> -1.7271157 | E26: =A26/D26 -> -4.053 | P26: b | Q26: 0.3 | R26: m
A27: 7.5 | B27: =IF(A27<=B$3, A27*B$5, (B$2-A27)*B$6) -> 259.5 | C27: =IF(A27<=B$3, B$5, -B$6) -> -173 | D27: =B27/(C27*B$4) -> -1.2953368 | E27: =A27/D27 -> -5.79 | P27: h | Q27: 1.2 | R27: m
A28: 8 | B28: =IF(A28<=B$3, A28*B$5, (B$2-A28)*B$6) -> 173 | C28: =IF(A28<=B$3, B$5, -B$6) -> -173 | D28: =B28/(C28*B$4) -> -0.86355786 | E28: =A28/D28 -> -9.264 | P28: rho | Q28: 2450 | R28: kg/m3
A29: 8.5 | B29: =IF(A29<=B$3, A29*B$5, (B$2-A29)*B$6) -> 86.5 | C29: =IF(A29<=B$3, B$5, -B$6) -> -173 | D29: =B29/(C29*B$4) -> -0.43177893 | E29: =A29/D29 -> -19.686 | P29: g | Q29: 9.81 | R29: m/s^2
A30: 9 | B30: =IF(A30<=B$3, A30*B$5, (B$2-A30)*B$6) -> 0 | C30: =IF(A30<=B$3, B$5, -B$6) -> -173 | D30: =B30/(C30*B$4) -> 0 | P30: G | Q30: =Q26*Q27*Q28*Q29/1000 -> 8.65242 | R30: kN/m
P31: V_G_sup | Q31: =Q30*B2/2 -> 38.93589 | R31: kN
P32: V (1 m) | Q32: =(4.5-1)/4.5*Q31 -> 30.28347 | R32: kN
P33: V (2 m) | Q33: =(4.5-2)/4.5*Q31 -> 21.63105 | R33: kN | S33: hier ongeveer de inclined shear crack

Sheet MVd H404
A1: P | B1: 269 | C1: kN | D1: V/P | E1: =C9/B1 -> 0.55555556
A2: L | B2: 9 | C2: m
A3: a | B3: 4 | C3: m
A4: d | B4: 1.158 | C4: m
A5: R_1 | B5: =(B2-B3)/B2*B1 -> 149.44444 | C5: kN
A6: R_2 | B6: =B3/B2*B1 -> 119.55556 | C6: kN
A8: x | B8: M | C8: V | D8: M/(Vd)
A9: 0 | B9: =IF(A9<=B$3, A9*B$5, (B$2-A9)*B$6) -> 0 | C9: =IF(A9<=B$3, B$5, -B$6) -> 149.44444 | D9: =B9/(C9*B$4) -> 0
A10: 0.5 | B10: =IF(A10<=B$3, A10*B$5, (B$2-A10)*B$6) -> 74.722222 | C10: =IF(A10<=B$3, B$5, -B$6) -> 149.44444 | D10: =B10/(C10*B$4) -> 0.43177893 | E10: =A10/D10 -> 1.158
A11: 1 | B11: =IF(A11<=B$3, A11*B$5, (B$2-A11)*B$6) -> 149.44444 | C11: =IF(A11<=B$3, B$5, -B$6) -> 149.44444 | D11: =B11/(C11*B$4) -> 0.86355786 | E11: =A11/D11 -> 1.158
A12: 1.5 | B12: =IF(A12<=B$3, A12*B$5, (B$2-A12)*B$6) -> 224.16667 | C12: =IF(A12<=B$3, B$5, -B$6) -> 149.44444 | D12: =B12/(C12*B$4) -> 1.2953368 | E12: =A12/D12 -> 1.158
A13: 2 | B13: =IF(A13<=B$3, A13*B$5, (B$2-A13)*B$6) -> 298.88889 | C13: =IF(A13<=B$3, B$5, -B$6) -> 149.44444 | D13: =B13/(C13*B$4) -> 1.7271157 | E13: =A13/D13 -> 1.158
A14: 2.5 | B14: =IF(A14<=B$3, A14*B$5, (B$2-A14)*B$6) -> 373.61111 | C14: =IF(A14<=B$3, B$5, -B$6) -> 149.44444 | D14: =B14/(C14*B$4) -> 2.1588946 | E14: =A14/D14 -> 1.158
A15: 3 | B15: =IF(A15<=B$3, A15*B$5, (B$2-A15)*B$6) -> 448.33333 | C15: =IF(A15<=B$3, B$5, -B$6) -> 149.44444 | D15: =B15/(C15*B$4) -> 2.5906736 | E15: =A15/D15 -> 1.158
A16: 3.000001 | B16: =IF(A16<=B$3, A16*B$5, (B$2-A16)*B$6) -> 448.33348 | C16: =IF(A16<=B$3, B$5, -B$6) -> 149.44444 | D16: =B16/(C16*B$4) -> 2.5906744 | E16: =A16/D16 -> 1.158
A17: 3.5 | B17: =IF(A17<=B$3, A17*B$5, (B$2-A17)*B$6) -> 523.05556 | C17: =IF(A17<=B$3, B$5, -B$6) -> 149.44444 | D17: =B17/(C17*B$4) -> 3.0224525 | E17: =A17/D17 -> 1.158
A18: 4 | B18: =IF(A18<=B$3, A18*B$5, (B$2-A18)*B$6) -> 597.77778 | C18: =IF(A18<=B$3, B$5, -B$6) -> 149.44444 | D18: =B18/(C18*B$4) -> 3.4542314 | E18: =A18/D18 -> 1.158
A19: 4.000001 | B19: =IF(A19<=B$3, A19*B$5, (B$2-A19)*B$6) -> 597.77766 | C19: =IF(A19<=B$3, B$5, -B$6) -> -119.55556 | D19: =B19/(C19*B$4) -> -4.3177884 | E19: =A19/D19 -> -0.92640042
A20: 4.5 | B20: =IF(A20<=B$3, A20*B$5, (B$2-A20)*B$6) -> 538 | C20: =IF(A20<=B$3, B$5, -B$6) -> -119.55556 | D20: =B20/(C20*B$4) -> -3.8860104 | E20: =A20/D20 -> -1.158
A21: 4.500001 | B21: =IF(A21<=B$3, A21*B$5, (B$2-A21)*B$6) -> 537.99988 | C21: =IF(A21<=B$3, B$5, -B$6) -> -119.55556 | D21: =B21/(C21*B$4) -> -3.8860095 | E21: =A21/D21 -> -1.1580005
... A25: 6.5 | B25: =IF(A25<=B$3, A25*B$5, (B$2-A25)*B$6) -> 298.88889 | C25: =IF(A25<=B$3, B$5, -B$6) -> -119.55556 | D25: =B25/(C25*B$4) -> -2.1588946 | E25: =A25/D25 -> -3.0108
A26: 7 | B26: =IF(A26<=B$3, A26*B$5, (B$2-A26)*B$6) -> 239.11111 | C26: =IF(A26<=B$3, B$5, -B$6) -> -119.55556 | D26: =B26/(C26*B$4) -> -1.7271157 | E26: =A26/D26 -> -4.053 | P26: b | Q26: 0.3 | R26: m
A27: 7.5 | B27: =IF(A27<=B$3, A27*B$5, (B$2-A27)*B$6) -> 179.33333 | C27: =IF(A27<=B$3, B$5, -B$6) -> -119.55556 | D27: =B27/(C27*B$4) -> -1.2953368 | E27: =A27/D27 -> -5.79 | P27: h | Q27: 1.2 | R27: m
A28: 8 | B28: =IF(A28<=B$3, A28*B$5, (B$2-A28)*B$6) -> 119.55556 | C28: =IF(A28<=B$3, B$5, -B$6) -> -119.55556 | D28: =B28/(C28*B$4) -> -0.86355786 | E28: =A28/D28 -> -9.264 | P28: rho | Q28: 2450 | R28: kg/m3
A29: 8.5 | B29: =IF(A29<=B$3, A29*B$5, (B$2-A29)*B$6) -> 59.777778 | C29: =IF(A29<=B$3, B$5, -B$6) -> -119.55556 | D29: =B29/(C29*B$4) -> -0.43177893 | E29: =A29/D29 -> -19.686 | P29: g | Q29: 9.81 | R29: m/s^2
A30: 9 | B30: =IF(A30<=B$3, A30*B$5, (B$2-A30)*B$6) -> 0 | C30: =IF(A30<=B$3, B$5, -B$6) -> -119.55556 | D30: =B30/(C30*B$4) -> 0 | P30: G | Q30: =Q26*Q27*Q28*Q29/1000 -> 8.65242 | R30: kN/m
P31: V_G_sup | Q31: =Q30*B2/2 -> 38.93589 | R31: kN
P32: V (1 m) | Q32: =(4.5-1)/4.5*Q31 -> 30.28347 | R32: kN
P33: V (2 m) | Q33: =(4.5-2)/4.5*Q31 -> 21.63105 | R33: kN | S33: hier ongeveer de inclined shear crack

Sheet MVd H602
A1: P | B1: 306 | C1: kN | D1: V/P | E1: =C9/B1 -> 0.5
A2: L | B2: 9 | C2: m
A3: a | B3: 4.5 | C3: m
A4: d | B4: 1.158 | C4: m
A5: R_1 | B5: =(B2-B3)/B2*B1 -> 153 | C5: kN
A6: R_2 | B6: =B3/B2*B1 -> 153 | C6: kN
A8: x | B8: M | C8: V | D8: M/(Vd)
A9: 0 | B9: =IF(A9<=B$3, A9*B$5, (B$2-A9)*B$6) -> 0 | C9: =IF(A9<=B$3, B$5, -B$6) -> 153 | D9: =B9/(C9*B$4) -> 0
A10: 0.5 | B10: =IF(A10<=B$3, A10*B$5, (B$2-A10)*B$6) -> 76.5 | C10: =IF(A10<=B$3, B$5, -B$6) -> 153 | D10: =B10/(C10*B$4) -> 0.43177893 | E10: =A10/D10 -> 1.158
A11: 1 | B11: =IF(A11<=B$3, A11*B$5, (B$2-A11)*B$6) -> 153 | C11: =IF(A11<=B$3, B$5, -B$6) -> 153 | D11: =B11/(C11*B$4) -> 0.86355786 | E11: =A11/D11 -> 1.158
A12: 1.5 | B12: =IF(A12<=B$3, A12*B$5, (B$2-A12)*B$6) -> 229.5 | C12: =IF(A12<=B$3, B$5, -B$6) -> 153 | D12: =B12/(C12*B$4) -> 1.2953368 | E12: =A12/D12 -> 1.158
A13: 2 | B13: =IF(A13<=B$3, A13*B$5, (B$2-A13)*B$6) -> 306 | C13: =IF(A13<=B$3, B$5, -B$6) -> 153 | D13: =B13/(C13*B$4) -> 1.7271157 | E13: =A13/D13 -> 1.158
A14: 2.5 | B14: =IF(A14<=B$3, A14*B$5, (B$2-A14)*B$6) -> 382.5 | C14: =IF(A14<=B$3, B$5, -B$6) -> 153 | D14: =B14/(C14*B$4) -> 2.1588946 | E14: =A14/D14 -> 1.158
A15: 3 | B15: =IF(A15<=B$3, A15*B$5, (B$2-A15)*B$6) -> 459 | C15: =IF(A15<=B$3, B$5, -B$6) -> 153 | D15: =B15/(C15*B$4) -> 2.5906736 | E15: =A15/D15 -> 1.158
A16: 3.000001 | B16: =IF(A16<=B$3, A16*B$5, (B$2-A16)*B$6) -> 459.00015 | C16: =IF(A16<=B$3, B$5, -B$6) -> 153 | D16: =B16/(C16*B$4) -> 2.5906744 | E16: =A16/D16 -> 1.158
A17: 3.5 | B17: =IF(A17<=B$3, A17*B$5, (B$2-A17)*B$6) -> 535.5 | C17: =IF(A17<=B$3, B$5, -B$6) -> 153 | D17: =B17/(C17*B$4) -> 3.0224525 | E17: =A17/D17 -> 1.158
A18: 4 | B18: =IF(A18<=B$3, A18*B$5, (B$2-A18)*B$6) -> 612 | C18: =IF(A18<=B$3, B$5, -B$6) -> 153 | D18: =B18/(C18*B$4) -> 3.4542314 | E18: =A18/D18 -> 1.158
A19: 4.000001 | B19: =IF(A19<=B$3, A19*B$5, (B$2-A19)*B$6) -> 612.00015 | C19: =IF(A19<=B$3, B$5, -B$6) -> 153 | D19: =B19/(C19*B$4) -> 3.4542323 | E19: =A19/D19 -> 1.158
A20: 4.5 | B20: =IF(A20<=B$3, A20*B$5, (B$2-A20)*B$6) -> 688.5 | C20: =IF(A20<=B$3, B$5, -B$6) -> 153 | D20: =B20/(C20*B$4) -> 3.8860104 | E20: =A20/D20 -> 1.158
A21: 4.500001 | B21: =IF(A21<=B$3, A21*B$5, (B$2-A21)*B$6) -> 688.49985 | C21: =IF(A21<=B$3, B$5, -B$6) -> -153 | D21: =B21/(C21*B$4) -> -3.8860095 | E21: =A21/D21 -> -1.1580005
... A25: 6.5 | B25: =IF(A25<=B$3, A25*B$5, (B$2-A25)*B$6) -> 382.5 | C25: =IF(A25<=B$3, B$5, -B$6) -> -153 | D25: =B25/(C25*B$4) -> -2.1588946 | E25: =A25/D25 -> -3.0108
A26: 7 | B26: =IF(A26<=B$3, A26*B$5, (B$2-A26)*B$6) -> 306 | C26: =IF(A26<=B$3, B$5, -B$6) -> -153 | D26: =B26/(C26*B$4) -> -1.7271157 | E26: =A26/D26 -> -4.053 | P26: b | Q26: 0.3 | R26: m
A27: 7.5 | B27: =IF(A27<=B$3, A27*B$5, (B$2-A27)*B$6) -> 229.5 | C27: =IF(A27<=B$3, B$5, -B$6) -> -153 | D27: =B27/(C27*B$4) -> -1.2953368 | E27: =A27/D27 -> -5.79 | P27: h | Q27: 1.2 | R27: m
A28: 8 | B28: =IF(A28<=B$3, A28*B$5, (B$2-A28)*B$6) -> 153 | C28: =IF(A28<=B$3, B$5, -B$6) -> -153 | D28: =B28/(C28*B$4) -> -0.86355786 | E28: =A28/D28 -> -9.264 | P28: rho | Q28: 2450 | R28: kg/m3
A29: 8.5 | B29: =IF(A29<=B$3, A29*B$5, (B$2-A29)*B$6) -> 76.5 | C29: =IF(A29<=B$3, B$5, -B$6) -> -153 | D29: =B29/(C29*B$4) -> -0.43177893 | E29: =A29/D29 -> -19.686 | P29: g | Q29: 9.81 | R29: m/s^2
A30: 9 | B30: =IF(A30<=B$3, A30*B$5, (B$2-A30)*B$6) -> 0 | C30: =IF(A30<=B$3, B$5, -B$6) -> -153 | D30: =B30/(C30*B$4) -> 0 | P30: G | Q30: =Q26*Q27*Q28*Q29/1000 -> 8.65242 | R30: kN/m
P31: V_G_sup | Q31: =Q30*B2/2 -> 38.93589 | R31: kN
P32: V (1 m) | Q32: =(4.5-1)/4.5*Q31 -> 30.28347 | R32: kN
P33: V (2 m) | Q33: =(4.5-2)/4.5*Q31 -> 21.63105 | R33: kN | S33: hier ongeveer de inclined shear crack

Sheet H121
D1: P [kN] | E1: 0 | F1: 49 | G1: 49 | H1: 49 | I1: 49 | J1: 51 | K1: 52 | L1: 99 | M1: 99 | N1: 99 | O1: 124 | P1: 123 | Q1: 123 | R1: 149 | S1: 149 | T1: 148 | U1: 121 | V1: 142 | W1: 149 | X1: 149 | Y1: 149 | Z1: 172 | AA1: 172 | AB1: 172 | AC1: 175 | AD1: 173 | AE1: 173 | AF1: 157 | AG1: 189 | AH1: 198 | AI1: 198 | AJ1: 196 | AK1: 224 | AL1: 223 | AM1: 223 | AN1: 249 | AO1: 249 | AP1: 248 | AQ1: 274 | AR1: 274 | AS1: 274 | AT1: 254 | AU1: 279 | AV1: 282 | AW1: 283 | AX1: 286 | AY1: 291 | AZ1: 300 | BA1: 300 | BB1: 300 | BC1: 299 | BD1: 295 | BE1: 307 | BF1: 315 | BG1: 323 | BH1: 335 | BI1: 340 | BJ1: 341
A2: M/(Vd) | B2: x | C2: Vd/M | D2: V [kN] | E2: =30+E1*0.6666667 -> 30 | F2: =30+F1*0.6666667 -> 62.666668 | G2: =30+G1*0.6666667 -> 62.666668 | H2: =30+H1*0.6666667 -> 62.666668 | I2: =30+I1*0.6666667 -> 62.666668 | J2: =30+J1*0.6666667 -> 64.000002 | K2: =30+K1*0.6666667 -> 64.666668 | L2: =30+L1*0.6666667 -> 96.000003 | ... BJ2: =30+BJ1*0.6666667 -> 257.33334
A3: 2.1913259 | B3: =1.145*A3 -> 2.5090681 | C3: =1/A3 -> 0.45634472 | E3: 0 | F3: 0.024630225 | G3: 0.027348 | H3: 0.073345 | I3: -0.00131275 | J3: 0.0320335 | K3: 0.03378425 | L3: 0.053307 | M3: 0.05151925 | N3: 0.052804 | O3: 0.098159 | P3: 0.01197325 | Q3: 0.08697625 | R3: 0.01153825 | S3: 0.05831475 | T3: 0.0634305 | U3: 0.11634425 | V3: 0.1394535 | W3: 0.081413 | X3: 0.02883175 | Y3: 0.025813 | Z3: 0.05825675 | AA3: 0.12568275 | AB3: 0.0583825 | AC3: 0.16493375 | AD3: 0.23403675 | AE3: 0.19971975 | AF3: 0.4185715 | AG3: 0.47238225 | AH3: 0.4910625 | AI3: 0.4875475 | AJ3: 0.4017775 | AK3: 0.5245275 | AL3: 0.5321575 | AM3: 0.5773575 | AN3: 0.664705 | AO3: 0.59377 | AP3: 0.59165 | AQ3: 0.7034575 | AR3: 0.6525025 | AS3: 0.662375 | AT3: 0.6429825 | AU3: 0.709075 | AV3: 0.7102475 | AW3: 0.7152925 | AX3: 0.7895375 | AY3: 0.729195 | AZ3: 0.742265 | BA3: 0.7443075 | BB3: 0.6427275 | BC3: 0.7594275 | BD3: 0.6425875 | BE3: 0.70837 | BF3: 0.710485 | BG3: 0.7734275 | BH3: 0.757945 | BI3: 0.75151 | BJ3: 0.795675
A4: 2.1039896 | B4: =1.145*A4 -> 2.4090681 | C4: =1/A4 -> 0.47528751 | E4: 0 | F4: 0.01917075 | G4: 0.028832 | H4: 0.07174025 | I4: -0.0076335 | J4: 0.028031 | K4: 0.0381785 | L4: 0.04659575 | M4: 0.040829 | N4: 0.051011 | O4: 0.09386425 | P4: 0.006166 | Q4: 0.08274225 | R4: 0.00246325 | S4: 0.05426625 | T4: 0.05874875 | U4: 0.106784 | V4: 0.1304965 | W4: 0.07031275 | X4: 0.0200175 | Y4: 0.01621825 | Z4: 0.0466815 | AA4: 0.114649 | AB4: 0.04632925 | AC4: 0.0722 | AD4: 0.14508 | AE4: 0.1078925 | AF4: 0.339133 | AG4: 0.4100725 | AH4: 0.4241275 | AI4: 0.4295675 | AJ4: 0.34367 | AK4: 0.458845 | AL4: 0.4650425 | AM4: 0.51636 | AN4: 0.5929925 | AO4: 0.52157 | AP4: 0.521155 | AQ4: 0.630015 | AR4: 0.5806925 | AS4: 0.5847775 | AT4: 0.57421 | AU4: 0.638595 | AV4: 0.6339125 | AW4: 0.639845 | AX4: 0.718225 | AY4: 0.6520875 | AZ4: 0.663225 | BA4: 0.665455 | BB4: 0.5583675 | BC4: 0.683285 | BD4: 0.56226 | BE4: 0.63109 | BF4: 0.627395 | BG4: 0.6857475 | BH4: 0.6607225 | BI4: 0.661595 | BJ4: 0.7028075
A5: 2.0166534 | B5: =1.145*A5 -> 2.3090681 | C5: =1/A5 -> 0.49587103 | E5: 0 | F5: 0.0213205 | G5: 0.0322905 | H5: 0.07741525 | I5: -0.0124325 | J5: 0.03251225 | K5: 0.03444 | L5: 0.04800025 | M5: 0.04098875 | N5: 0.04941175 | O5: 0.0913815 | P5: 0.0008545 | Q5: 0.085194 | R5: -0.00905875 | S5: 0.047416 | T5: 0.048935 | U5: 0.10319225 | V5: 0.1271105 | W5: 0.064872 | X5: 0.00868025 | Y5: 0.00648725 | Z5: 0.03457575 | AA5: 0.10307975 | AB5: 0.0337725 | AC5: 0.047585 | AD5: 0.109265 | AE5: 0.0664675 | AF5: 0.2954275 | AG5: 0.366345 | AH5: 0.3893575 | AI5: 0.386535 | AJ5: 0.29007 | AK5: 0.4130425 | AL5: 0.41556 | AM5: 0.47377 | AN5: 0.534905 | AO5: 0.464775 | AP5: 0.4623625 | AQ5: 0.57381 | AR5: 0.5249 | AS5: 0.5238125 | AT5: 0.5259225 | AU5: 0.5901425 | AV5: 0.58832 | AW5: 0.5895525 | AX5: 0.673195 | AY5: 0.6005675 | AZ5: 0.609525 | BA5: 0.61211 | BB5: 0.5017075 | BC5: 0.6304625 | BD5: 0.500685 | BE5: 0.5735325 | BF5: 0.5655075 | BG5: 0.6260975 | BH5: 0.5888925 | BI5: 0.597055 | BJ5: 0.6397625
A6: 1.9293171 | B6: =1.145*A6 -> 2.2090681 | C6: =1/A6 -> 0.5183181 | E6: 0 | F6: 0.01343125 | G6: 0.0268535 | H6: 0.0713405 | I6: -0.0238185 | J6: 0.0270105 | K6: 0.0227915 | L6: 0.03553075 | M6: 0.03435125 | N6: 0.0349215 | O6: 0.0793405 | P6: -0.01162925 | Q6: 0.07350075 | R6: -0.02176175 | S6: 0.03202175 | T6: 0.03489625 | U6: 0.08781525 | V6: 0.11438125 | W6: 0.0497665 | X6: -0.01037475 | Y6: -0.014138 | Z6: 0.00818025 | AA6: 0.08460875 | AB6: 0.01024975 | AC6: 0.016055 | AD6: 0.070205 | AE6: 0.0245475 | AF6: 0.24604 | AG6: 0.3196475 | AH6: 0.33978 | AI6: 0.3400325 | AJ6: 0.2416425 | AK6: 0.385965 | AL6: 0.3848725 | AM6: 0.450105 | AN6: 0.5142025 | AO6: 0.44015 | AP6: 0.4447675 | AQ6: 0.54436 | AR6: 0.494055 | AS6: 0.491 | AT6: 0.491925 | AU6: 0.55276 | AV6: 0.552775 | AW6: 0.55274 | AX6: 0.636185 | AY6: 0.567385 | AZ6: 0.5699725 | BA6: 0.5763925 | BB6: 0.4596375 | BC6: 0.592825 | BD6: 0.45723 | BE6: 0.5362875 | BF6: 0.5251175 | BG6: 0.58839 | BH6: 0.5426625 | BI6: 0.553435 | BJ6: 0.6009175
A7: 1.8419809 | B7: =1.145*A7 -> 2.1090681 | C7: =1/A7 -> 0.54289379 | E7: 0 | F7: 0.01466375 | G7: 0.0255235 | H7: 0.0639645 | I7: -0.02578475 | J7: 0.028045 | K7: 0.0179555 | L7: 0.03066425 | M7: 0.0326955 | N7: 0.0364275 | O7: 0.078459 | P7: -0.0213035 | Q7: 0.071016 | R7: -0.02781375 | S7: 0.0220095 | T7: 0.02640625 | U7: 0.079876 | V7: 0.1073775 | W7: 0.039123 | X7: -0.026551 | Y7: -0.03202175 | Z7: -0.0079985 | AA7: 0.07450125 | AB7: -0.003746 | AC7: -0.0021175 | AD7: 0.0550225 | AE7: 0.00734 | AF7: 0.2311175 | AG7: 0.3043875 | AH7: 0.321725 | AI7: 0.322855 | AJ7: 0.21177 | AK7: 0.3551 | AL7: 0.354515 | AM7: 0.42491 | AN7: 0.484265 | AO7: 0.4052725 | AP7: 0.414015 | AQ7: 0.506805 | AR7: 0.45641 | AS7: 0.447 | AT7: 0.449635 | AU7: 0.5123075 | AV7: 0.51473 | AW7: 0.513585 | AX7: 0.60054 | AY7: 0.52209 | AZ7: 0.5289825 | BA7: 0.53553 | BB7: 0.4150275 | BC7: 0.5495125 | BD7: 0.41253 | BE7: 0.48221 | BF7: 0.46587 | BG7: 0.5408425 | BH7: 0.493115 | BI7: 0.4992875 | BJ7: 0.5529
A8: 1.7546447 | B8: =1.145*A8 -> 2.0090681 | C8: =1/A8 -> 0.56991596 | E8: 0 | F8: 0.0283185 | G8: 0.033795 | H8: 0.083949 | I8: -0.00649275 | J8: 0.04809875 | K8: 0.0315525 | L8: 0.0398105 | M8: 0.05390425 | N8: 0.046065 | O8: 0.10098475 | P8: -0.02416975 | Q8: 0.08362375 | R8: -0.02470375 | S8: 0.0285815 | T8: 0.024877 | U8: 0.09152225 | V8: 0.115582 | W8: 0.0412955 | X8: -0.0270925 | Y8: -0.03783175 | Z8: -0.01330575 | AA8: 0.075122 | AB8: -0.009939 | AC8: -0.0141875 | AD8: 0.0494325 | AE8: -0.002865 | AF8: 0.21658 | AG8: 0.28701 | AH8: 0.2883925 | AI8: 0.3024375 | AJ8: 0.18387 | AK8: 0.3287775 | AL8: 0.32755 | AM8: 0.4062225 | AN8: 0.4514375 | AO8: 0.3781975 | AP8: 0.377675 | AQ8: 0.488155 | AR8: 0.4334675 | AS8: 0.4183425 | AT8: 0.498495 | AU8: 0.58053 | AV8: 0.5869475 | AW8: 0.5853625 | AX8: 0.686065 | AY8: 0.5949225 | AZ8: 0.6146275 | BA8: 0.614685 | BB8: 0.49312 | BC8: 0.63647 | BD8: 0.492055 | BE8: 0.5665475 | BF8: 0.5396525 | BG8: 0.639565 | BH8: 0.5997 | BI8: 0.6171525 | BJ8: 0.688795
A9: 1.6673084 | B9: =1.145*A9 -> 1.9090681 | C9: =1/A9 -> 0.59976906 | E9: 0 | F9: 0.03087475 | G9: 0.0252085 | H9: 0.08939875 | I9: -0.0140675 | J9: 0.04604575 | K9: 0.03388475 | L9: 0.04185775 | M9: 0.052128 | N9: 0.0491265 | O9: 0.107895 | P9: -0.0351 | Q9: 0.092841 | R9: -0.04694875 | S9: 0.0255465 | T9: 0.01909325 | U9: 0.09792425 | V9: 0.124899 | W9: 0.03564525 | X9: -0.0456405 | Y9: -0.05591025 | Z9: -0.0338165 | AA9: 0.07025 | AB9: -0.0308055 | AC9: -0.0387025 | AD9: 0.03471 | AE9: -0.0266175 | AF9: 0.1030175 | AG9: 0.146175 | AH9: 0.1516525 | AI9: 0.1535325 | AJ9: 0.025655 | AK9: 0.1504825 | AL9: 0.1472575 | AM9: 0.2400525 | AN9: 0.26238 | AO9: 0.1781925 | AP9: 0.17882 | AQ9: 0.2808 | AR9: 0.214655 | AS9: 0.199845 | AT9: 0.31838 | AU9: 0.4094575 | AV9: 0.4203775 | AW9: 0.414775 | AX9: 0.543735 | AY9: 0.4331 | AZ9: 0.4530525 | BA9: 0.45673 | BB9: 0.30553 | BC9: 0.478095 | BD9: 0.305965 | BE9: 0.393285 | BF9: 0.3593025 | BG9: 0.46756 | BH9: 0.4272325 | BI9: 0.445465 | BJ9: 0.5359525
A10: 1.5799722 | B10: =1.145*A10 -> 1.8090681 | C10: =1/A10 -> 0.63292254 | E10: 0 | F10: 0.045588 | G10: 0.03241575 | H10: 0.10870025 | I10: -0.010316 | J10: 0.06287125 | K10: 0.04018 | L10: 0.04295825 | M10: 0.05551375 | N10: 0.04901975 | O10: 0.12681625 | P10: -0.03761625 | Q10: 0.1070815 | R10: -0.05609925 | S10: 0.03261775 | T10: 0.029072 | U10: 0.114769 | V10: 0.14762025 | W10: 0.04301225 | X10: -0.055745 | Y10: -0.06618525 | Z10: -0.0419405 | AA10: 0.08179375 | AB10: -0.0422895 | AC10: -0.0539225 | AD10: 0.0322925 | AE10: -0.0410175 | AF10: 0.106995 | AG10: 0.136545 | AH10: 0.1402125 | AI10: 0.1447525 | AJ10: -0.0142 | AK10: 0.12894 | AL10: 0.125035 | AM10: 0.2353825 | AN10: 0.253555 | AO10: 0.14675 | AP10: 0.1415675 | AQ10: 0.2527475 | AR10: 0.1711275 | AS10: 0.161905 | AT10: 0.3000375 | AU10: 0.4359025 | AV10: 0.44949 | AW10: 0.439705 | AX10: 0.5961575 | AY10: 0.4846825 | AZ10: 0.51999 | BA10: 0.523955 | BB10: 0.350505 | BC10: 0.55409 | BD10: 0.35642 | BE10: 0.453505 | BF10: 0.416025 | BG10: 0.5370125 | BH10: 0.4933975 | BI10: 0.5138725 | BJ10: 0.6138875
D24: =D1 -> P [kN] | E24: =MAX($E1:E1) -> 0 | F24: =MAX($E1:F1) -> 49 | G24: =MAX($E1:G1) -> 49 | H24: =MAX($E1:H1) -> 49 | I24: =MAX($E1:I1) -> 49 | J24: =MAX($E1:J1) -> 51 | K24: =MAX($E1:K1) -> 52 | L24: =MAX($E1:L1) -> 99 | ... BJ24: =MAX($E1:BJ1) -> 341
A25: =A2 -> M/(Vd) | B25: =B2 -> x | C25: =C2 -> Vd/M | D25: =D2 -> V [kN] | E25: =MAX($E2:E2) -> 30 | F25: =MAX($E2:F2) -> 62.666668 | G25: =MAX($E2:G2) -> 62.666668 | H25: =MAX($E2:H2) -> 62.666668 | I25: =MAX($E2:I2) -> 62.666668 | J25: =MAX($E2:J2) -> 64.000002 | K25: =MAX($E2:K2) -> 64.666668 | L25: =MAX($E2:L2) -> 96.000003 | ... BJ25: =MAX($E2:BJ2) -> 257.33334
A26: =A3 -> 2.1913259 | B26: =B3 -> 2.5090681 | C26: =C3 -> 0.45634472 | E26: =MAX($E3:E3) -> 0 | F26: =MAX($E3:F3) -> 0.024630225 | G26: =MAX($E3:G3) -> 0.027348 | H26: =MAX($E3:H3) -> 0.073345 | I26: =MAX($E3:I3) -> 0.073345 | J26: =MAX($E3:J3) -> 0.073345 | K26: =MAX($E3:K3) -> 0.073345 | L26: =MAX($E3:L3) -> 0.073345 | ... BJ26: =MAX($E3:BJ3) -> 0.795675
A27: =A4 -> 2.1039896 | B27: =B4 -> 2.4090681 | C27: =C4 -> 0.47528751 | E27: =MAX($E4:E4) -> 0 | F27: =MAX($E4:F4) -> 0.01917075 | G27: =MAX($E4:G4) -> 0.028832 | H27: =MAX($E4:H4) -> 0.07174025 | I27: =MAX($E4:I4) -> 0.07174025 | J27: =MAX($E4:J4) -> 0.07174025 | K27: =MAX($E4:K4) -> 0.07174025 | L27: =MAX($E4:L4) -> 0.07174025 | ... BJ27: =MAX($E4:BJ4) -> 0.718225
A28: =A5 -> 2.0166534 | B28: =B5 -> 2.3090681 | C28: =C5 -> 0.49587103 | E28: =MAX($E5:E5) -> 0 | F28: =MAX($E5:F5) -> 0.0213205 | G28: =MAX($E5:G5) -> 0.0322905 | H28: =MAX($E5:H5) -> 0.07741525 | I28: =MAX($E5:I5) -> 0.07741525 | J28: =MAX($E5:J5) -> 0.07741525 | K28: =MAX($E5:K5) -> 0.07741525 | L28: =MAX($E5:L5) -> 0.07741525 | ... BJ28: =MAX($E5:BJ5) -> 0.673195
A29: =A6 -> 1.9293171 | B29: =B6 -> 2.2090681 | C29: =C6 -> 0.5183181 | E29: =MAX($E6:E6) -> 0 | F29: =MAX($E6:F6) -> 0.01343125 | G29: =MAX($E6:G6) -> 0.0268535 | H29: =MAX($E6:H6) -> 0.0713405 | I29: =MAX($E6:I6) -> 0.0713405 | J29: =MAX($E6:J6) -> 0.0713405 | K29: =MAX($E6:K6) -> 0.0713405 | L29: =MAX($E6:L6) -> 0.0713405 | ... BJ29: =MAX($E6:BJ6) -> 0.636185
A30: =A7 -> 1.8419809 | B30: =B7 -> 2.1090681 | C30: =C7 -> 0.54289379 | E30: =MAX($E7:E7) -> 0 | F30: =MAX($E7:F7) -> 0.01466375 | G30: =MAX($E7:G7) -> 0.0255235 | H30: =MAX($E7:H7) -> 0.0639645 | I30: =MAX($E7:I7) -> 0.0639645 | J30: =MAX($E7:J7) -> 0.0639645 | K30: =MAX($E7:K7) -> 0.0639645 | L30: =MAX($E7:L7) -> 0.0639645 | ... BJ30: =MAX($E7:BJ7) -> 0.60054
A31: =A8 -> 1.7546447 | B31: =B8 -> 2.0090681 | C31: =C8 -> 0.56991596 | E31: =MAX($E8:E8) -> 0 | F31: =MAX($E8:F8) -> 0.0283185 | G31: =MAX($E8:G8) -> 0.033795 | H31: =MAX($E8:H8) -> 0.083949 | I31: =MAX($E8:I8) -> 0.083949 | J31: =MAX($E8:J8) -> 0.083949 | K31: =MAX($E8:K8) -> 0.083949 | L31: =MAX($E8:L8) -> 0.083949 | ... BJ31: =MAX($E8:BJ8) -> 0.688795
A32: =A9 -> 1.6673084 | B32: =B9 -> 1.9090681 | C32: =C9 -> 0.59976906 | E32: =MAX($E9:E9) -> 0 | F32: =MAX($E9:F9) -> 0.03087475 | G32: =MAX($E9:G9) -> 0.03087475 | H32: =MAX($E9:H9) -> 0.08939875 | I32: =MAX($E9:I9) -> 0.08939875 | J32: =MAX($E9:J9) -> 0.08939875 | K32: =MAX($E9:K9) -> 0.08939875 | L32: =MAX($E9:L9) -> 0.08939875 | ... BJ32: =MAX($E9:BJ9) -> 0.543735
A33: =A10 -> 1.5799722 | B33: =B10 -> 1.8090681 | C33: =C10 -> 0.63292254 | E33: =MAX($E10:E10) -> 0 | F33: =MAX($E10:F10) -> 0.045588 | G33: =MAX($E10:G10) -> 0.045588 | H33: =MAX($E10:H10) -> 0.10870025 | I33: =MAX($E10:I10) -> 0.10870025 | J33: =MAX($E10:J10) -> 0.10870025 | K33: =MAX($E10:K10) -> 0.10870025 | L33: =MAX($E10:L10) -> 0.10870025 | ... BJ33: =MAX($E10:BJ10) -> 0.6138875
D47: w_max | E47: =MAX(E26:E45) -> 0 | F47: =MAX(F26:F45) -> 0.045588 | G47: =MAX(G26:G45) -> 0.045588 | H47: =MAX(H26:H45) -> 0.10870025 | I47: =MAX(I26:I45) -> 0.10870025 | J47: =MAX(J26:J45) -> 0.10870025 | K47: =MAX(K26:K45) -> 0.10870025 | L47: =MAX(L26:L45) -> 0.10870025 | ... BJ47: =MAX(BJ26:BJ45) -> 0.795675 | BK47: 10
D48: w_max,w | E48: {=MAX($C26:$C45*E26:E45)} -> 0 | F48: {=MAX($C26:$C45*F26:F45)} -> 0.028853673 | G48: {=MAX($C26:$C45*G26:G45)} -> 0.028853673 | H48: {=MAX($C26:$C45*H26:H45)} -> 0.068798838 | I48: {=MAX($C26:$C45*I26:I45)} -> 0.068798838 | J48: {=MAX($C26:$C45*J26:J45)} -> 0.068798838 | K48: {=MAX($C26:$C45*K26:K45)} -> 0.068798838 | L48: {=MAX($C26:$C45*L26:L45)} -> 0.068798838 | ... BJ48: {=MAX($C26:$C45*BJ26:BJ45)} -> 0.39255527 | BK48: 10
D49: V_u/V | E49: =MAX($E25:$BJ25)/E25 -> 8.5777782 | F49: =MAX($E25:$BJ25)/F25 -> 4.1063831 | G49: =MAX($E25:$BJ25)/G25 -> 4.1063831 | H49: =MAX($E25:$BJ25)/H25 -> 4.1063831 | I49: =MAX($E25:$BJ25)/I25 -> 4.1063831 | J49: =MAX($E25:$BJ25)/J25 -> 4.0208334 | K49: =MAX($E25:$BJ25)/K25 -> 3.9793815 | L49: =MAX($E25:$BJ25)/L25 -> 2.6805556 | ... BJ49: =MAX($E25:$BJ25)/BJ25 -> 1 | BK49: 1
D50: V/V_u | E50: =E25/MAX($E25:$BJ25) -> 0.11658031 | F50: =F25/MAX($E25:$BJ25) -> 0.24352331 | G50: =G25/MAX($E25:$BJ25) -> 0.24352331 | H50: =H25/MAX($E25:$BJ25) -> 0.24352331 | I50: =I25/MAX($E25:$BJ25) -> 0.24352331 | J50: =J25/MAX($E25:$BJ25) -> 0.24870466 | K50: =K25/MAX($E25:$BJ25) -> 0.25129533 | L50: =L25/MAX($E25:$BJ25) -> 0.37305699 | ... BJ50: =BJ25/MAX($E25:$BJ25) -> 1

Sheet H401
D1: P [kN] | E1: 0 | F1: 50 | G1: 51 | H1: 51 | I1: 91 | J1: 91 | K1: 93 | L1: 98 | M1: 100 | N1: 100 | O1: 101 | P1: 127 | Q1: 135 | R1: 136 | S1: 136 | T1: 137 | U1: 137 | V1: 145 | W1: 149 | X1: 149 | Y1: 176 | Z1: 176 | AA1: 177 | AB1: 183 | AC1: 184 | AD1: 184 | AE1: 186 | AF1: 201 | AG1: 202 | AH1: 203 | AI1: 217 | AJ1: 220 | AK1: 221 | AL1: 222 | AM1: 223 | AN1: 223 | AO1: 223 | AP1: 225 | AQ1: 225 | AR1: 226 | AS1: 226 | AT1: 227 | AU1: 238 | AV1: 238 | AW1: 238 | AX1: 240 | AY1: 245 | AZ1: 246 | BA1: 252 | BB1: 253 | BC1: 253 | BD1: 255 | BE1: 258 | BF1: 259 | BG1: 263 | BH1: 263
A2: M/(Vd) | B2: x | C2: Vd/M | D2: V [kN] | E2: =30+E1/2 -> 30 | F2: =30+F1/2 -> 55 | G2: =30+G1/2 -> 55.5 | H2: =30+H1/2 -> 55.5 | I2: =30+I1/2 -> 75.5 | J2: =30+J1/2 -> 75.5 | K2: =30+K1/2 -> 76.5 | L2: =30+L1/2 -> 79 | ... BH2: =30+BH1/2 -> 161.5
A3: 3.5663212 | B3: =1.158*A3 -> 4.1298 | C3: =1/A3 -> 0.28040099 | E3: 0 | F3: 0.0227154 | G3: 0.1603122 | H3: -0.0220306 | I3: -0.16310275 | J3: -0.1486375 | K3: -0.03696575 | L3: -0.007909 | M3: 0.00047675 | N3: 0.003631325 | O3: -0.0319745 | P3: 0.1837805 | Q3: 0.621313 | R3: 0.512935 | S3: 0.5836425 | T3: 0.200325 | U3: 0.05572 | V3: 0.00662 | W3: 0.1383225 | X3: 0.232115 | Y3: 0.9648025 | Z3: 0.996765 | AA3: 1.118915 | AB3: 1.3857575 | AC3: 1.2557475 | AD3: 1.325551 | AE3: 1.2981653 | AF3: 1.3842975 | AG3: 1.3406525 | AH3: 1.38464 | AI3: 1.3376625 | AJ3: 1.510575 | AK3: 1.52605 | AL3: 1.37895 | AM3: 1.555745 | AN3: 1.5669475 | AO3: 1.5676925 | AP3: 1.5623825 | AQ3: 1.5598975 | AR3: 1.4574525 | AS3: 1.530155 | AT3: 1.5005375 | AU3: 1.609565 | AV3: 1.6604725 | AW3: 1.6683375 | AX3: 1.6431925 | AY3: 1.6856075 | AZ3: 1.678425 | BA3: 1.76557 | BB3: 1.77374 | BC3: 1.76547 | BD3: 1.797925 | BE3: 1.809865 | BF3: 1.801725 | BG3: 1.621955 | BH3: 1.81375
A4: 3.4799655 | B4: =1.158*A4 -> 4.0298 | C4: =1/A4 -> 0.28735917 | E4: 0 | F4: 0.02485995 | G4: 0.14192503 | H4: -0.0117529 | I4: -0.14242125 | J4: -0.13255675 | K4: -0.038324 | L4: -0.0072575 | M4: -0.000100575 | N4: 0.00382125 | O4: -0.025484 | P4: 0.16671825 | Q4: 0.50819 | R4: 0.4146875 | S4: 0.47397 | T4: 0.14411 | U4: 0.0148925 | V4: 0.009 | W4: 0.12445 | X4: 0.204137 | Y4: 0.8669775 | Z4: 0.8953175 | AA4: 0.998885 | AB4: 1.2563 | AC4: 1.1459525 | AD4: 1.2020375 | AE4: 1.1789175 | AF4: 1.26226 | AG4: 1.224735 | AH4: 1.25749 | AI4: 1.216995 | AJ4: 1.3646625 | AK4: 1.3818 | AL4: 1.2526925 | AM4: 1.4038925 | AN4: 1.414235 | AO4: 1.41586 | AP4: 1.413955 | AQ4: 1.4094575 | AR4: 1.3261 | AS4: 1.386775 | AT4: 1.3603175 | AU4: 1.4520825 | AV4: 1.4973925 | AW4: 1.50086 | AX4: 1.47834 | AY4: 1.5151975 | AZ4: 1.508395 | BA4: 1.588105 | BB4: 1.593515 | BC4: 1.5874425 | BD4: 1.618065 | BE4: 1.6255125 | BF4: 1.6199475 | BG4: 1.4578825 | BH4: 1.6304875
A5: 3.3936097 | B5: =1.158*A5 -> 3.9298 | C5: =1/A5 -> 0.29467148 | E5: 0 | F5: 0.025106075 | G5: 0.13579648 | H5: -0.0086451 | I5: -0.12916725 | J5: -0.117086 | K5: -0.03147225 | L5: -0.00588825 | M5: 0.00087 | N5: -0.00216995 | O5: -0.02207475 | P5: 0.155393 | Q5: 0.4393775 | R5: 0.3557 | S5: 0.411205 | T5: 0.1371825 | U5: 0.01886 | V5: 0.003715 | W5: 0.11226 | X5: 0.187208 | Y5: 0.7960325 | Z5: 0.8208275 | AA5: 0.91652 | AB5: 1.179485 | AC5: 1.082235 | AD5: 1.1312475 | AE5: 1.1059 | AF5: 1.19097 | AG5: 1.1603775 | AH5: 1.1846475 | AI5: 1.14383 | AJ5: 1.28533 | AK5: 1.3019775 | AL5: 1.1866925 | AM5: 1.3268075 | AN5: 1.3314525 | AO5: 1.3353075 | AP5: 1.3314575 | AQ5: 1.33042 | AR5: 1.259075 | AS5: 1.3094325 | AT5: 1.287305 | AU5: 1.3796825 | AV5: 1.41357 | AW5: 1.4217 | AX5: 1.3981825 | AY5: 1.42953 | AZ5: 1.426675 | BA5: 1.50199 | BB5: 1.508515 | BC5: 1.501595 | BD5: 1.5274375 | BE5: 1.5377275 | BF5: 1.5343825 | BG5: 1.3860125 | BH5: 1.5397725
A6: 3.3072539 | B6: =1.158*A6 -> 3.8298 | C6: =1/A6 -> 0.30236566 | E6: 0 | F6: 0.024103375 | G6: 0.13046188 | H6: -0.00411615 | I6: -0.11287075 | J6: -0.10252775 | K6: -0.02118325 | L6: -0.00111925 | M6: 0.001662825 | N6: -0.0025896 | O6: -0.0149015 | P6: 0.1486795 | Q6: 0.406875 | R6: 0.3347825 | S6: 0.3823825 | T6: 0.13146 | U6: 0.019065 | V6: 0.002495 | W6: 0.104915 | X6: 0.17546775 | Y6: 0.764035 | Z6: 0.786045 | AA6: 0.8721725 | AB6: 1.3385175 | AC6: 1.2561225 | AD6: 1.3031375 | AE6: 1.2583125 | AF6: 1.4052725 | AG6: 1.3786175 | AH6: 1.40358 | AI6: 1.38197 | AJ6: 1.5293775 | AK6: 1.543995 | AL6: 1.442075 | AM6: 1.5821975 | AN6: 1.5880725 | AO6: 1.594665 | AP6: 1.57829 | AQ6: 1.581515 | AR6: 1.525 | AS6: 1.5648775 | AT6: 1.54933 | AU6: 1.66781 | AV6: 1.693715 | AW6: 1.6987825 | AX6: 1.66863 | AY6: 1.7084925 | AZ6: 1.7064 | BA6: 1.7798275 | BB6: 1.787785 | BC6: 1.7778875 | BD6: 1.79857 | BE6: 1.80868 | BF6: 1.80711 | BG6: 1.672355 | BH6: 1.8078675
A7: 3.2208981 | B7: =1.158*A7 -> 3.7298 | C7: =1/A7 -> 0.31047241 | E7: 0 | F7: 0.0255173 | G7: 0.13230312 | H7: 0.0005654 | I7: -0.091791 | J7: -0.08605425 | K7: -0.0085075 | L7: 0.00345675 | M7: 0.00037915 | N7: -0.0020122 | O7: -0.014071 | P7: 0.148153 | Q7: 0.395425 | R7: 0.33309 | S7: 0.3755575 | T7: 0.1303825 | U7: 0.0210425 | V7: 0.0030775 | W7: 0.10225 | X7: 0.1695275 | Y7: 0.7440975 | Z7: 0.76589 | AA7: 0.8478925 | AB7: 1.4183875 | AC7: 1.346125 | AD7: 1.3921175 | AE7: 1.3252975 | AF7: 1.52292 | AG7: 1.4956875 | AH7: 1.5185225 | AI7: 1.4968825 | AJ7: 1.6448525 | AK7: 1.65821 | AL7: 1.5652225 | AM7: 1.6968325 | AN7: 1.696435 | AO7: 1.70412 | AP7: 1.6908275 | AQ7: 1.6913925 | AR7: 1.6525275 | AS7: 1.6792525 | AT7: 1.6708875 | AU7: 1.79143 | AV7: 1.8077375 | AW7: 1.8108925 | AX7: 1.7862275 | AY7: 1.82313 | AZ7: 1.82289 | BA7: 1.8884775 | BB7: 1.8985925 | BC7: 1.8891325 | BD7: 1.90635 | BE7: 1.9143675 | BF7: 1.9170925 | BG7: 1.78932 | BH7: 1.916065
A8: 3.1345423 | B8: =1.158*A8 -> 3.6298 | C8: =1/A8 -> 0.31902584 | E8: 0 | F8: 0.0210364 | G8: 0.13178857 | H8: 0.00880185 | I8: -0.0714515 | J8: -0.07082575 | K8: 0.00073025 | L8: 0.01128825 | M8: -0.000223625 | N8: 0.002786 | O8: -0.0072355 | P8: 0.148563 | Q8: 0.265245 | R8: 0.21488 | S8: 0.2500575 | T8: 0.13301 | U8: 0.0251575 | V8: 0.0046225 | W8: 0.10334 | X8: 0.17179 | Y8: 0.4881625 | Z8: 0.50990667 | AA8: 0.58625417 | AB8: 1.128355 | AC8: 1.0617975 | AD8: 1.0993967 | AE8: 1.0317975 | AF8: 1.2522933 | AG8: 1.2320567 | AH8: 1.2500158 | AI8: 1.2413783 | AJ8: 1.3920417 | AK8: 1.404175 | AL8: 1.3202517 | AM8: 1.4407317 | AN8: 1.4345625 | AO8: 1.4475992 | AP8: 1.4293842 | AQ8: 1.427135 | AR8: 1.4061383 | AS8: 1.4264417 | AT8: 1.4228775 | AU8: 1.5243608 | AV8: 1.5344442 | AW8: 1.5356983 | AX8: 1.5113233 | AY8: 1.5452075 | AZ8: 1.5471533 | BA8: 1.5998783 | BB8: 1.6092725 | BC8: 1.5993725 | BD8: 1.6222008 | BE8: 1.6302592 | BF8: 1.6414025 | BG8: 1.52523 | BH8: 1.6106958
A9: 3.0481865 | B9: =1.158*A9 -> 3.5298 | C9: =1/A9 -> 0.32806391 | E9: 0 | F9: 0.02476305 | G9: 0.136351 | H9: 0.01598215 | I9: -0.05195525 | J9: -0.053358 | K9: 0.01816775 | L9: 0.02231275 | M9: 0.005419025 | N9: 0.009836425 | O9: 0.0009985 | P9: 0.15545975 | Q9: 0.084915 | R9: 0.0567125 | S9: 0.080465 | T9: 0.143245 | U9: 0.03702 | V9: 0.010975 | W9: 0.1070575 | X9: 0.176225 | Y9: 0.32375 | Z9: 0.34668 | AA9: 0.4179025 | AB9: 0.9532125 | AC9: 0.885785 | AD9: 0.92485 | AE9: 0.8488075 | AF9: 1.201235 | AG9: 1.18245 | AH9: 1.1994375 | AI9: 1.2454225 | AJ9: 1.419825 | AK9: 1.4299075 | AL9: 1.3513425 | AM9: 1.472955 | AN9: 1.4624025 | AO9: 1.4743225 | AP9: 1.4546325 | AQ9: 1.45573 | AR9: 1.45026 | AS9: 1.4565425 | AT9: 1.4564025 | AU9: 1.57047 | AV9: 1.5708575 | AW9: 1.5723375 | AX9: 1.544785 | AY9: 1.57622 | AZ9: 1.5833675 | BA9: 1.641965 | BB9: 1.648845 | BC9: 1.6420025 | BD9: 1.6828025 | BE9: 1.7002675 | BF9: 1.7157275 | BG9: 1.6108325 | BH9: 1.646475
A10: 2.9618307 | B10: =1.158*A10 -> 3.4298 | C10: =1/A10 -> 0.33762902 | E10: 0 | F10: 0.023636575 | G10: 0.13995727 | H10: 0.02018345 | I10: -0.03394525 | J10: -0.04124875 | K10: 0.0334875 | L10: 0.0315875 | M10: 0.005420725 | N10: 0.007500075 | O10: 0.0064925 | P10: 0.16271725 | Q10: 0.0712125 | R10: 0.05068 | S10: 0.0673225 | T10: 0.1501125 | U10: 0.044395 | V10: 0.0112625 | W10: 0.10639 | X10: 0.175525 | Y10: 0.31068 | Z10: 0.33375 | AA10: 0.395855 | AB10: 0.9396475 | AC10: 0.8778975 | AD10: 0.910255 | AE10: 0.8292325 | AF10: 1.1805275 | AG10: 1.1661875 | AH10: 1.17645 | AI10: 1.24539 | AJ10: 1.4414825 | AK10: 1.446665 | AL10: 1.37526 | AM10: 1.50626 | AN10: 1.49477 | AO10: 1.5032825 | AP10: 1.47399 | AQ10: 1.4799275 | AR10: 1.4901925 | AS10: 1.4909525 | AT10: 1.49485 | AU10: 1.6174325 | AV10: 1.6109025 | AW10: 1.611065 | AX10: 1.58347 | AY10: 1.6119375 | AZ10: 1.6218475 | BA10: 1.6269733 | BB10: 1.6319042 | BC10: 1.6253933 | BD10: 1.6653717 | BE10: 1.6858767 | BF10: 1.6996233 | BG10: 1.6002408 | BH10: 1.6551458
A11: 2.875475 | B11: =1.158*A11 -> 3.3298 | C11: =1/A11 -> 0.34776863 | E11: 0 | F11: 0.021477125 | G11: 0.1357674 | H11: 0.023406225 | I11: -0.012236 | J11: -0.025215 | K11: 0.04663175 | L11: 0.03946225 | M11: 0.009209875 | N11: 0.011647375 | O11: 0.013998 | P11: 0.16480625 | Q11: 0.06432 | R11: 0.0614175 | S11: 0.0726925 | T11: 0.1545225 | U11: 0.05066 | V11: 0.0110775 | W11: 0.10662 | X11: 0.1735675 | Y11: 0.1006275 | Z11: 0.12039 | AA11: 0.1764625 | AB11: 0.700785 | AC11: 0.64681 | AD11: 0.670715 | AE11: 0.5898225 | AF11: 0.95175 | AG11: 0.94277 | AH11: 0.9521525 | AI11: 1.1009725 | AJ11: 1.3194408 | AK11: 1.3284033 | AL11: 1.26461 | AM11: 1.4081908 | AN11: 1.3984033 | AO11: 1.4087825 | AP11: 1.359615 | AQ11: 1.3716283 | AR11: 1.4029658 | AS11: 1.393135 | AT11: 1.4005917 | AU11: 1.5362075 | AV11: 1.5235292 | AW11: 1.5210075 | AX11: 1.4870783 | AY11: 1.5162158 | AZ11: 1.532155 | BA11: 1.59687 | BB11: 1.5984233 | BC11: 1.5941467 | BD11: 1.6421667 | BE11: 1.6727233 | BF11: 1.6940067 | BG11: 1.6313167 | BH11: 1.8312933
A12: 2.7891192 | B12: =1.158*A12 -> 3.2298 | C12: =1/A12 -> 0.35853613 | E12: 0 | F12: 0.016847425 | G12: 0.12990252 | H12: 0.017910075 | I12: -0.00515475 | J12: -0.01828475 | K12: 0.05403375 | L12: 0.043336 | M12: 0.003546275 | N12: 0.007227875 | O12: 0.00957475 | P12: 0.163183 | Q12: 0.0487075 | R12: 0.0651125 | S12: 0.06466 | T12: 0.1531 | U12: 0.049935 | V12: 0.00275 | W12: 0.1009725 | X12: 0.170275 | Y12: -0.0021875 | Z12: 0.0188825 | AA12: 0.0724775 | AB12: 0.4800075 | AC12: 0.4334375 | AD12: 0.4494 | AE12: 0.3613425 | AF12: 0.7136275 | AG12: 0.7142225 | AH12: 0.7180625 | AI12: 0.8677225 | AJ12: 1.115885 | AK12: 1.12184 | AL12: 1.0642975 | AM12: 1.20086 | AN12: 1.191925 | AO12: 1.196995 | AP12: 1.1416575 | AQ12: 1.15665 | AR12: 1.2062175 | AS12: 1.1881375 | AT12: 1.20238 | AU12: 1.3321975 | AV12: 1.3106375 | AW12: 1.3087875 | AX12: 1.2712275 | AY12: 1.29705 | AZ12: 1.31488 | BA12: 1.3598675 | BB12: 1.36632 | BC12: 1.3573325 | BD12: 1.4033375 | BE12: 1.4281575 | BF12: 1.45065 | BG12: 1.394295 | BH12: 1.5789975
A13: 2.7027634 | B13: =1.158*A13 -> 3.1298 | C13: =1/A13 -> 0.36999169 | E13: 0 | F13: 0.011910075 | G13: 0.13243835 | H13: 0.017515525 | I13: -0.00065725 | J13: -0.00637725 | K13: 0.0647685 | L13: 0.05061775 | M13: 0.00071305 | N13: 0.003133 | O13: 0.009416 | P13: 0.162692 | Q13: 0.040885 | R13: 0.06927 | S13: 0.059045 | T13: 0.155545 | U13: 0.05011 | V13: -0.005365 | W13: 0.0953225 | X13: 0.1658525 | Y13: -0.0293175 | Z13: -0.01203 | AA13: 0.03607 | AB13: 0.4328275 | AC13: 0.38982 | AD13: 0.3984725 | AE13: 0.30725 | AF13: 0.6580775 | AG13: 0.6649675 | AH13: 0.6645875 | AI13: 0.8071325 | AJ13: 1.0589975 | AK13: 1.059485 | AL13: 1.0104525 | AM13: 1.2115575 | AN13: 1.1994475 | AO13: 1.20271 | AP13: 1.079205 | AQ13: 1.138115 | AR13: 1.21389 | AS13: 1.18919 | AT13: 1.2047925 | AU13: 1.3652525 | AV13: 1.3375925 | AW13: 1.336495 | AX13: 1.2893025 | AY13: 1.314775 | AZ13: 1.340785 | BA13: 1.38491 | BB13: 1.3893275 | BC13: 1.3825175 | BD13: 1.4356575 | BE13: 1.4751125 | BF13: 1.50591 | BG13: 1.4912825 | BH13: 1.6717175
A14: 2.6164076 | B14: =1.158*A14 -> 3.0298 | C14: =1/A14 -> 0.38220345 | E14: 0 | F14: 0.005801375 | G14: 0.13414407 | H14: 0.0223508 | I14: 0.00929675 | J14: 0.0085565 | K14: 0.076926 | L14: 0.05737025 | M14: -0.0041601 | N14: -0.00141095 | O14: 0.01223525 | P14: 0.1660175 | Q14: 0.035485 | R14: 0.0745575 | S14: 0.0563225 | T14: 0.1586975 | U14: 0.057 | V14: -0.0114825 | W14: 0.093755 | X14: 0.1651825 | Y14: -0.03245 | Z14: -0.01073 | AA14: 0.0289525 | AB14: 0.432545 | AC14: 0.3937625 | AD14: 0.393695 | AE14: 0.30133 | AF14: 0.653245 | AG14: 0.6650325 | AH14: 0.6610475 | AI14: 0.7975725 | AJ14: 1.055145 | AK14: 1.0562075 | AL14: 1.0081 | AM14: 1.25667 | AN14: 1.247085 | AO14: 1.24769 | AP14: 1.0730125 | AQ14: 1.1588275 | AR14: 1.2588825 | AS14: 1.229545 | AT14: 1.247185 | AU14: 1.43194 | AV14: 1.3984275 | AW14: 1.3951375 | AX14: 1.345045 | AY14: 1.36999 | AZ14: 1.40527 | BA14: 1.44703 | BB14: 1.4499625 | BC14: 1.4460675 | BD14: 1.501945 | BE14: 1.5594475 | BF14: 1.59326 | BG14: 1.6056025 | BH14: 1.779185
... A17: 2.3573402 | B17: =1.158*A17 -> 2.7298 | C17: =1/A17 -> 0.4242069 | E17: 0 | F17: -0.007862925 | G17: 0.13610707 | H17: 0.028407475 | I17: 0.04899575 | J17: 0.04250875 | K17: 0.10668075 | L17: 0.0843495 | M17: -0.00453135 | N17: -0.0084484 | O17: 0.01329925 | P17: 0.1877475 | Q17: 0.0165575 | R17: 0.099735 | S17: 0.050205 | T17: 0.1764325 | U17: 0.07934 | V17: -0.0257475 | W17: 0.0950725 | X17: 0.177545 | Y17: -0.0447675 | Z17: -0.0184075 | AA17: 0.002795 | AB17: 0.084675 | AC17: 0.0490175 | AD17: 0.00736 | AE17: -0.050135 | AF17: 0.1593125 | AG17: 0.1909025 | AH17: 0.170165 | AI17: 0.238485 | AJ17: 0.475785 | AK17: 0.4691375 | AL17: 0.4296725 | AM17: 0.618965 | AN17: 0.60742 | AO17: 0.6000225 | AP17: 0.4413 | AQ17: 0.5263275 | AR17: 0.663695 | AS17: 0.6038475 | AT17: 0.6295925 | AU17: 0.7635175 | AV17: 0.70991 | AW17: 0.7017475 | AX17: 0.6694225 | AY17: 0.672645 | AZ17: 0.7057325 | BA17: 0.724865 | BB17: 0.7202325 | BC17: 0.720275 | BD17: 0.7666075 | BE17: 0.818495 | BF17: 0.85304 | BG17: 0.89678 | BH17: 1.1060525
D24: =D1 -> P [kN] | E24: =MAX($E1:E1) -> 0 | F24: =MAX($E1:F1) -> 50 | G24: =MAX($E1:G1) -> 51 | H24: =MAX($E1:H1) -> 51 | I24: =MAX($E1:I1) -> 91 | J24: =MAX($E1:J1) -> 91 | K24: =MAX($E1:K1) -> 93 | L24: =MAX($E1:L1) -> 98 | ... BH24: =MAX($E1:BH1) -> 263
A25: =A2 -> M/(Vd) | B25: =B2 -> x | C25: =C2 -> Vd/M | D25: =D2 -> V [kN] | E25: =MAX($E2:E2) -> 30 | F25: =MAX($E2:F2) -> 55 | G25: =MAX($E2:G2) -> 55.5 | H25: =MAX($E2:H2) -> 55.5 | I25: =MAX($E2:I2) -> 75.5 | J25: =MAX($E2:J2) -> 75.5 | K25: =MAX($E2:K2) -> 76.5 | L25: =MAX($E2:L2) -> 79 | ... BH25: =MAX($E2:BH2) -> 161.5
A26: 3.5663212 | B26: =1.158*A26 -> 4.1298 | C26: =C3 -> 0.28040099 | E26: =MAX($E3:E3) -> 0 | F26: =MAX($E3:F3) -> 0.0227154 | G26: =MAX($E3:G3) -> 0.1603122 | H26: =MAX($E3:H3) -> 0.1603122 | I26: =MAX($E3:I3) -> 0.1603122 | J26: =MAX($E3:J3) -> 0.1603122 | K26: =MAX($E3:K3) -> 0.1603122 | L26: =MAX($E3:L3) -> 0.1603122 | ... BH26: =MAX($E3:BH3) -> 1.81375
A27: 3.4799655 | B27: =1.158*A27 -> 4.0298 | C27: =C4 -> 0.28735917 | E27: =MAX($E4:E4) -> 0 | F27: =MAX($E4:F4) -> 0.02485995 | G27: =MAX($E4:G4) -> 0.14192503 | H27: =MAX($E4:H4) -> 0.14192503 | I27: =MAX($E4:I4) -> 0.14192503 | J27: =MAX($E4:J4) -> 0.14192503 | K27: =MAX($E4:K4) -> 0.14192503 | L27: =MAX($E4:L4) -> 0.14192503 | ... BH27: =MAX($E4:BH4) -> 1.6304875
A28: 3.3936097 | B28: =1.158*A28 -> 3.9298 | C28: =C5 -> 0.29467148 | E28: =MAX($E5:E5) -> 0 | F28: =MAX($E5:F5) -> 0.025106075 | G28: =MAX($E5:G5) -> 0.13579648 | H28: =MAX($E5:H5) -> 0.13579648 | I28: =MAX($E5:I5) -> 0.13579648 | J28: =MAX($E5:J5) -> 0.13579648 | K28: =MAX($E5:K5) -> 0.13579648 | L28: =MAX($E5:L5) -> 0.13579648 | ... BH28: =MAX($E5:BH5) -> 1.5397725
A29: 3.3072539 | B29: =1.158*A29 -> 3.8298 | C29: =C6 -> 0.30236566 | E29: =MAX($E6:E6) -> 0 | F29: =MAX($E6:F6) -> 0.024103375 | G29: =MAX($E6:G6) -> 0.13046188 | H29: =MAX($E6:H6) -> 0.13046188 | I29: =MAX($E6:I6) -> 0.13046188 | J29: =MAX($E6:J6) -> 0.13046188 | K29: =MAX($E6:K6) -> 0.13046188 | L29: =MAX($E6:L6) -> 0.13046188 | ... BH29: =MAX($E6:BH6) -> 1.80868
A30: 3.2208981 | B30: =1.158*A30 -> 3.7298 | C30: =C7 -> 0.31047241 | E30: =MAX($E7:E7) -> 0 | F30: =MAX($E7:F7) -> 0.0255173 | G30: =MAX($E7:G7) -> 0.13230312 | H30: =MAX($E7:H7) -> 0.13230312 | I30: =MAX($E7:I7) -> 0.13230312 | J30: =MAX($E7:J7) -> 0.13230312 | K30: =MAX($E7:K7) -> 0.13230312 | L30: =MAX($E7:L7) -> 0.13230312 | ... BH30: =MAX($E7:BH7) -> 1.9170925
A31: 3.1345423 | B31: =1.158*A31 -> 3.6298 | C31: =C8 -> 0.31902584 | E31: =MAX($E8:E8) -> 0 | F31: =MAX($E8:F8) -> 0.0210364 | G31: =MAX($E8:G8) -> 0.13178857 | H31: =MAX($E8:H8) -> 0.13178857 | I31: =MAX($E8:I8) -> 0.13178857 | J31: =MAX($E8:J8) -> 0.13178857 | K31: =MAX($E8:K8) -> 0.13178857 | L31: =MAX($E8:L8) -> 0.13178857 | ... BH31: =MAX($E8:BH8) -> 1.6414025
A32: 3.0481865 | B32: =1.158*A32 -> 3.5298 | C32: =C9 -> 0.32806391 | E32: =MAX($E9:E9) -> 0 | F32: =MAX($E9:F9) -> 0.02476305 | G32: =MAX($E9:G9) -> 0.136351 | H32: =MAX($E9:H9) -> 0.136351 | I32: =MAX($E9:I9) -> 0.136351 | J32: =MAX($E9:J9) -> 0.136351 | K32: =MAX($E9:K9) -> 0.136351 | L32: =MAX($E9:L9) -> 0.136351 | ... BH32: =MAX($E9:BH9) -> 1.7157275
A33: 2.9618307 | B33: =1.158*A33 -> 3.4298 | C33: =C10 -> 0.33762902 | E33: =MAX($E10:E10) -> 0 | F33: =MAX($E10:F10) -> 0.023636575 | G33: =MAX($E10:G10) -> 0.13995727 | H33: =MAX($E10:H10) -> 0.13995727 | I33: =MAX($E10:I10) -> 0.13995727 | J33: =MAX($E10:J10) -> 0.13995727 | K33: =MAX($E10:K10) -> 0.13995727 | L33: =MAX($E10:L10) -> 0.13995727 | ... BH33: =MAX($E10:BH10) -> 1.6996233
A34: 2.875475 | B34: =1.158*A34 -> 3.3298 | C34: =C11 -> 0.34776863 | E34: =MAX($E11:E11) -> 0 | F34: =MAX($E11:F11) -> 0.021477125 | G34: =MAX($E11:G11) -> 0.1357674 | H34: =MAX($E11:H11) -> 0.1357674 | I34: =MAX($E11:I11) -> 0.1357674 | J34: =MAX($E11:J11) -> 0.1357674 | K34: =MAX($E11:K11) -> 0.1357674 | L34: =MAX($E11:L11) -> 0.1357674 | ... BH34: =MAX($E11:BH11) -> 1.8312933
A35: 2.7891192 | B35: =1.158*A35 -> 3.2298 | C35: =C12 -> 0.35853613 | E35: =MAX($E12:E12) -> 0 | F35: =MAX($E12:F12) -> 0.016847425 | G35: =MAX($E12:G12) -> 0.12990252 | H35: =MAX($E12:H12) -> 0.12990252 | I35: =MAX($E12:I12) -> 0.12990252 | J35: =MAX($E12:J12) -> 0.12990252 | K35: =MAX($E12:K12) -> 0.12990252 | L35: =MAX($E12:L12) -> 0.12990252 | ... BH35: =MAX($E12:BH12) -> 1.5789975
A36: 2.7027634 | B36: =1.158*A36 -> 3.1298 | C36: =C13 -> 0.36999169 | E36: =MAX($E13:E13) -> 0 | F36: =MAX($E13:F13) -> 0.011910075 | G36: =MAX($E13:G13) -> 0.13243835 | H36: =MAX($E13:H13) -> 0.13243835 | I36: =MAX($E13:I13) -> 0.13243835 | J36: =MAX($E13:J13) -> 0.13243835 | K36: =MAX($E13:K13) -> 0.13243835 | L36: =MAX($E13:L13) -> 0.13243835 | ... BH36: =MAX($E13:BH13) -> 1.6717175
A37: 2.6164076 | B37: =1.158*A37 -> 3.0298 | C37: =C14 -> 0.38220345 | E37: =MAX($E14:E14) -> 0 | F37: =MAX($E14:F14) -> 0.005801375 | G37: =MAX($E14:G14) -> 0.13414407 | H37: =MAX($E14:H14) -> 0.13414407 | I37: =MAX($E14:I14) -> 0.13414407 | J37: =MAX($E14:J14) -> 0.13414407 | K37: =MAX($E14:K14) -> 0.13414407 | L37: =MAX($E14:L14) -> 0.13414407 | ... BH37: =MAX($E14:BH14) -> 1.779185
... A40: 2.3573402 | B40: =1.158*A40 -> 2.7298 | C40: =C17 -> 0.4242069 | E40: =MAX($E17:E17) -> 0 | F40: =MAX($E17:F17) -> 0 | G40: =MAX($E17:G17) -> 0.13610707 | H40: =MAX($E17:H17) -> 0.13610707 | I40: =MAX($E17:I17) -> 0.13610707 | J40: =MAX($E17:J17) -> 0.13610707 | K40: =MAX($E17:K17) -> 0.13610707 | L40: =MAX($E17:L17) -> 0.13610707 | ... BH40: =MAX($E17:BH17) -> 1.1060525
D47: w_max | E47: =MAX(E26:E45) -> 0 | F47: =MAX(F26:F45) -> 0.0255173 | G47: =MAX(G26:G45) -> 0.1603122 | H47: =MAX(H26:H45) -> 0.1603122 | I47: =MAX(I26:I45) -> 0.1603122 | J47: =MAX(J26:J45) -> 0.1603122 | K47: =MAX(K26:K45) -> 0.1603122 | L47: =MAX(L26:L45) -> 0.1603122 | ... BH47: =MAX(BH26:BH45) -> 1.9170925 | BI47: 10
D48: w_max,w | E48: {=MAX($C26:$C45*E26:E45)} -> 0 | F48: {=MAX($C26:$C45*F26:F45)} -> 0.0081238631 | G48: {=MAX($C26:$C45*G26:G45)} -> 0.057737561 | H48: {=MAX($C26:$C45*H26:H45)} -> 0.057737561 | I48: {=MAX($C26:$C45*I26:I45)} -> 0.057737561 | J48: {=MAX($C26:$C45*J26:J45)} -> 0.057737561 | K48: {=MAX($C26:$C45*K26:K45)} -> 0.057737561 | L48: {=MAX($C26:$C45*L26:L45)} -> 0.057737561 | ... BH48: {=MAX($C26:$C45*BH26:BH45)} -> 0.68001064 | BI48: 10
D49: V_u/V | E49: =MAX($E25:$BH25)/E25 -> 5.3833333 | F49: =MAX($E25:$BH25)/F25 -> 2.9363636 | G49: =MAX($E25:$BH25)/G25 -> 2.9099099 | H49: =MAX($E25:$BH25)/H25 -> 2.9099099 | I49: =MAX($E25:$BH25)/I25 -> 2.1390728 | J49: =MAX($E25:$BH25)/J25 -> 2.1390728 | K49: =MAX($E25:$BH25)/K25 -> 2.1111111 | L49: =MAX($E25:$BH25)/L25 -> 2.0443038 | ... BH49: =MAX($E25:$BH25)/BH25 -> 1 | BI49: 1
D50: V/V_u | E50: =E25/MAX($E25:$BH25) -> 0.18575851 | F50: =F25/MAX($E25:$BH25) -> 0.34055728 | G50: =G25/MAX($E25:$BH25) -> 0.34365325 | H50: =H25/MAX($E25:$BH25) -> 0.34365325 | I50: =I25/MAX($E25:$BH25) -> 0.46749226 | J50: =J25/MAX($E25:$BH25) -> 0.46749226 | K50: =K25/MAX($E25:$BH25) -> 0.47368421 | L50: =L25/MAX($E25:$BH25) -> 0.48916409 | ... BH50: =BH25/MAX($E25:$BH25) -> 1

Sheet H403
D1: P [kN] | E1: 0 | F1: 126 | G1: 126 | H1: 134 | I1: 135 | J1: 135 | K1: 143 | L1: 144 | M1: 145 | N1: 151 | O1: 152 | P1: 154 | Q1: 166 | R1: 163 | S1: 166 | T1: 166 | U1: 165 | V1: 166 | W1: 164 | X1: 165 | Y1: 165 | Z1: 173 | AA1: 194 | AB1: 194 | AC1: 194 | AD1: 216 | AE1: 216 | AF1: 216 | AG1: 218 | AH1: 218 | AI1: 219 | AJ1: 245 | AK1: 246 | AL1: 246 | AM1: 269 | AN1: 269 | AO1: 269 | AP1: 292 | AQ1: 292 | AR1: 292 | AS1: 292 | AT1: 293 | AU1: 293 | AV1: 294 | AW1: 293 | AX1: 293 | AY1: 293 | AZ1: 294 | BA1: 308 | BB1: 308 | BC1: 309 | BD1: 313 | BE1: 321 | BF1: 321 | BG1: 321 | BH1: 326 | BI1: 327 | BJ1: 327 | BK1: 329 | BL1: 330 | BM1: 328 | BN1: 329 | BO1: 332 | BP1: 334 | BQ1: 334 | BR1: 335 | BS1: 335 | BT1: 336 | BU1: 336 | BV1: 337 | BW1: 337 | BX1: 338 | BY1: 338 | BZ1: 338 | CA1: 339 | CB1: 339 | CC1: 339 | CD1: 339 | CE1: 340 | CF1: 340 | CG1: 339 | CH1: 340 | CI1: 339 | CJ1: 339 | CK1: 339 | CL1: 337 | CM1: 337 | CN1: 344 | CO1: 346 | CP1: 346 | CQ1: 346
A2: M/(Vd) | B2: x | C2: Vd/M | D2: V [kN] | E2: =30+E1/2 -> 30 | F2: =30+F1/2 -> 93 | G2: =30+G1/2 -> 93 | H2: =30+H1/2 -> 97 | I2: =30+I1/2 -> 97.5 | J2: =30+J1/2 -> 97.5 | K2: =30+K1/2 -> 101.5 | L2: =30+L1/2 -> 102 | ... CQ2: =30+CQ1/2 -> 203
A3: 3.4480914 | B3: =1.158*A3 -> 3.9928898 | C3: =1/A3 -> 0.29001552 | E3: 0 | F3: 0.0969145 | G3: 0.091724 | H3: 0.7215895 | I3: 0.72212825 | J3: 0.637465 | K3: 0.56379 | L3: 0.83152175 | M3: 0.841419 | N3: 0.7034375 | O3: 0.90918 | P3: 0.9179675 | Q3: 1.0343075 | R3: 0.825445 | S3: 0.970815 | T3: 1.090365 | U3: 1.0936952 | V3: 1.0870115 | W3: 1.1353545 | X3: 1.1371785 | Y3: 1.068715 | Z3: 1.186241 | AA3: 1.1316225 | AB3: 1.12926 | AC3: 1.191445 | AD3: 1.26797 | AE3: 1.2698725 | AF3: 1.1521375 | AG3: 1.3136675 | AH3: 1.4161925 | AI3: 1.32556 | AJ3: 1.47789 | AK3: 1.5733425 | AL3: 1.56904 | AM3: 1.7892875 | AN3: 1.719485 | AO3: 1.8152725 | AP3: 1.88581 | AQ3: 1.88605 | AR3: 1.740415 | AS3: 1.72809 | AT3: 1.81479 | AU3: 1.811725 | AV3: 1.8175625 | AW3: 1.7831375 | AX3: 1.8739725 | AY3: 1.950245 | AZ3: 1.8334 | BA3: 2.059415 | BB3: 1.83224 | BC3: 1.9583225 | BD3: 1.98218 | BE3: 2.1547125 | BF3: 2.0438675 | BG3: 2.12262 | BH3: 2.104555 | BI3: 2.1045725 | BJ3: 2.0437925 | BK3: 2.2048625 | BL3: 2.052785 | BM3: 2.1558475 | BN3: 2.0905775 | BO3: 2.2850025 | BP3: 2.19535 | BQ3: 2.20409 | BR3: 2.31499 | BS3: 2.319505 | BT3: 2.2251075 | BU3: 2.4279275 | BV3: 2.20238 | BW3: 2.200125 | BX3: 2.293115 | BY3: 2.2353625 | BZ3: 2.4295225 | CA3: 2.42986 | CB3: 2.2600325 | CC3: 2.35634 | CD3: 2.3587025 | CE3: 2.2608025 | CF3: 2.3838225 | CG3: 2.3868225 | CH3: 2.3940775 | CI3: 2.3959325 | CJ3: 2.3873225 | CK3: 2.2807475 | CL3: 2.399735 | CM3: 2.2972275 | CN3: 2.36756 | CO3: 2.50236 | CP3: 2.567315 | CQ3: 2.56351
A4: 3.3617356 | B4: =1.158*A4 -> 3.8928898 | C4: =1/A4 -> 0.29746539 | E4: 0 | F4: 0.0890955 | G4: 0.085148 | H4: 0.555065 | I4: 0.553895 | J4: 0.4837725 | K4: 0.4266975 | L4: 0.6673275 | M4: 0.6747625 | N4: 0.57718 | O4: 0.7553 | P4: 0.7636075 | Q4: 0.95738 | R4: 0.7776175 | S4: 0.9018475 | T4: 1.0017575 | U4: 1.00389 | V4: 0.9978825 | W4: 1.043695 | X4: 1.0459175 | Y4: 0.9848475 | Z4: 1.087635 | AA4: 1.041655 | AB4: 1.0372125 | AC4: 1.091715 | AD4: 1.1657 | AE4: 1.168285 | AF4: 1.0673975 | AG4: 1.207535 | AH4: 1.3017775 | AI4: 1.2219575 | AJ4: 1.3609975 | AK4: 1.4396525 | AL4: 1.4351675 | AM4: 1.6396675 | AN4: 1.578515 | AO4: 1.6620375 | AP4: 1.7305825 | AQ4: 1.731865 | AR4: 1.6082775 | AS4: 1.595725 | AT4: 1.6689175 | AU4: 1.6684725 | AV4: 1.6737575 | AW4: 1.6468025 | AX4: 1.7270825 | AY4: 1.790445 | AZ4: 1.696405 | BA4: 1.8912 | BB4: 1.69457 | BC4: 1.8061225 | BD4: 1.8224875 | BE4: 1.9782025 | BF4: 1.88186 | BG4: 1.951365 | BH4: 1.9370375 | BI4: 1.938955 | BJ4: 1.883235 | BK4: 2.02559 | BL4: 1.89529 | BM4: 1.9847325 | BN4: 1.930915 | BO4: 2.0956425 | BP4: 2.019125 | BQ4: 2.029705 | BR4: 2.1245525 | BS4: 2.1290925 | BT4: 2.0477025 | BU4: 2.2206475 | BV4: 2.0249275 | BW4: 2.02451 | BX4: 2.10322 | BY4: 2.0552225 | BZ4: 2.2254075 | CA4: 2.2274875 | CB4: 2.0778125 | CC4: 2.16531 | CD4: 2.16759 | CE4: 2.0845025 | CF4: 2.1897 | CG4: 2.190945 | CH4: 2.19798 | CI4: 2.1978675 | CJ4: 2.1889025 | CK4: 2.09951 | CL4: 2.20479 | CM4: 2.1146725 | CN4: 2.1784825 | CO4: 2.297035 | CP4: 2.353135 | CQ4: 2.350045
A5: 3.2753798 | B5: =1.158*A5 -> 3.7928898 | C5: =1/A5 -> 0.3053081 | E5: 0 | F5: 0.08100925 | G5: 0.07703725 | H5: 0.46431 | I5: 0.465105 | J5: 0.4017325 | K5: 0.3651725 | L5: 0.5726 | M5: 0.5801225 | N5: 0.51016 | O5: 0.66763 | P5: 0.6761 | Q5: 0.8977525 | R5: 0.73671 | S5: 0.845475 | T5: 0.9401625 | U5: 0.941975 | V5: 0.938395 | W5: 0.9790625 | X5: 0.980105 | Y5: 0.9278775 | Z5: 1.020055 | AA5: 0.9846675 | AB5: 0.9787825 | AC5: 1.0310925 | AD5: 1.1055475 | AE5: 1.1052425 | AF5: 1.0141075 | AG5: 1.1486175 | AH5: 1.2291675 | AI5: 1.15734 | AJ5: 1.292785 | AK5: 1.36056 | AL5: 1.35971 | AM5: 1.5509225 | AN5: 1.501095 | AO5: 1.57242 | AP5: 1.6476225 | AQ5: 1.64533 | AR5: 1.5360425 | AS5: 1.52453 | AT5: 1.5932575 | AU5: 1.595485 | AV5: 1.597775 | AW5: 1.5797275 | AX5: 1.649905 | AY5: 1.706955 | AZ5: 1.6195425 | BA5: 1.80609 | BB5: 1.6281575 | BC5: 1.7288575 | BD5: 1.7493475 | BE5: 1.89138 | BF5: 1.81027 | BG5: 1.868045 | BH5: 1.86059 | BI5: 1.8602775 | BJ5: 1.813575 | BK5: 1.93769 | BL5: 1.8247875 | BM5: 1.909995 | BN5: 1.8595525 | BO5: 2.009785 | BP5: 1.9417125 | BQ5: 1.953405 | BR5: 2.039175 | BS5: 2.042435 | BT5: 1.97329 | BU5: 2.1256925 | BV5: 1.951865 | BW5: 1.95238 | BX5: 2.02417 | BY5: 1.983625 | BZ5: 2.132755 | CA5: 2.1331775 | CB5: 2.00074 | CC5: 2.0763925 | CD5: 2.08175 | CE5: 2.0069675 | CF5: 2.10371 | CG5: 2.101805 | CH5: 2.114295 | CI5: 2.1121325 | CJ5: 2.1050125 | CK5: 2.0259375 | CL5: 2.1178275 | CM5: 2.04334 | CN5: 2.10447 | CO5: 2.21026 | CP5: 2.265195 | CQ5: 2.262085
A6: 3.189024 | B6: =1.158*A6 -> 3.6928898 | C6: =1/A6 -> 0.31357556 | E6: 0 | F6: 0.06907 | G6: 0.06773675 | H6: 0.3462075 | I6: 0.345595 | J6: 0.285155 | K6: 0.24988 | L6: 0.436605 | M6: 0.447225 | N6: 0.38438 | O6: 0.526905 | P6: 0.5352875 | Q6: 0.83805 | R6: 0.68766 | S6: 0.78726 | T6: 0.9656775 | U6: 0.9737725 | V6: 0.9751175 | W6: 1.032055 | X6: 1.031885 | Y6: 0.9846875 | Z6: 1.079405 | AA6: 1.0619525 | AB6: 1.0602875 | AC6: 1.1055075 | AD6: 1.178395 | AE6: 1.1783275 | AF6: 1.0946225 | AG6: 1.219725 | AH6: 1.29534 | AI6: 1.2276375 | AJ6: 1.3489275 | AK6: 1.41012 | AL6: 1.4130375 | AM6: 1.5945975 | AN6: 1.55263 | AO6: 1.6129725 | AP6: 1.6830025 | AQ6: 1.6845 | AR6: 1.58534 | AS6: 1.5748475 | AT6: 1.642125 | AU6: 1.643575 | AV6: 1.6439425 | AW6: 1.6252775 | AX6: 1.6886925 | AY6: 1.745485 | AZ6: 1.663535 | BA6: 1.83733 | BB6: 1.67434 | BC6: 1.7668675 | BD6: 1.783135 | BE6: 1.9128075 | BF6: 1.8421025 | BG6: 1.8872875 | BH6: 1.8793725 | BI6: 1.87793 | BJ6: 1.83493 | BK6: 1.949495 | BL6: 1.8451225 | BM6: 1.9180525 | BN6: 1.8710775 | BO6: 2.006315 | BP6: 1.945895 | BQ6: 1.9574125 | BR6: 2.0351925 | BS6: 2.0360875 | BT6: 1.9725 | BU6: 2.114565 | BV6: 1.9575275 | BW6: 1.9592875 | BX6: 2.0216225 | BY6: 1.9839725 | BZ6: 2.1243475 | CA6: 2.12526 | CB6: 2.0044 | CC6: 2.0748125 | CD6: 2.0782625 | CE6: 2.0126075 | CF6: 2.101585 | CG6: 2.0974375 | CH6: 2.1077475 | CI6: 2.1065725 | CJ6: 2.1013775 | CK6: 2.0290525 | CL6: 2.117365 | CM6: 2.04366 | CN6: 2.100935 | CO6: 2.1992925 | CP6: 2.2485025 | CQ6: 2.246185
A7: 3.1026682 | B7: =1.158*A7 -> 3.5928898 | C7: =1/A7 -> 0.32230323 | E7: 0 | F7: 0.0615585 | G7: 0.061184 | H7: 0.2306775 | I7: 0.2297175 | J7: 0.1712425 | K7: 0.1289325 | L7: 0.30978 | M7: 0.31741 | N7: 0.25981 | O7: 0.3975225 | P7: 0.402985 | Q7: 0.68363 | R7: 0.5430775 | S7: 0.63756 | T7: 0.8360175 | U7: 0.847545 | V7: 0.850475 | W7: 0.9457425 | X7: 0.9454075 | Y7: 0.9002275 | Z7: 1.0008225 | AA7: 0.990985 | AB7: 0.9920925 | AC7: 1.03237 | AD7: 1.1007975 | AE7: 1.099335 | AF7: 1.022605 | AG7: 1.139265 | AH7: 1.2100525 | AI7: 1.145195 | AJ7: 1.2453075 | AK7: 1.305865 | AL7: 1.3099625 | AM7: 1.473805 | AN7: 1.4378775 | AO7: 1.4923575 | AP7: 1.55556 | AQ7: 1.555485 | AR7: 1.4625775 | AS7: 1.453775 | AT7: 1.5188075 | AU7: 1.5193625 | AV7: 1.52068 | AW7: 1.500995 | AX7: 1.561755 | AY7: 1.6121225 | AZ7: 1.541775 | BA7: 1.70069 | BB7: 1.54795 | BC7: 1.63282 | BD7: 1.6476525 | BE7: 1.768725 | BF7: 1.701285 | BG7: 1.7438725 | BH7: 1.734455 | BI7: 1.73874 | BJ7: 1.69443 | BK7: 1.8019525 | BL7: 1.7037125 | BM7: 1.7632675 | BN7: 1.71928 | BO7: 1.8471475 | BP7: 1.78936 | BQ7: 1.80091 | BR7: 1.87334 | BS7: 1.8735575 | BT7: 1.811035 | BU7: 1.94836 | BV7: 1.8010025 | BW7: 1.802545 | BX7: 1.86134 | BY7: 1.82739 | BZ7: 1.9608525 | CA7: 1.9637925 | CB7: 1.8511475 | CC7: 1.91654 | CD7: 1.9208425 | CE7: 1.860495 | CF7: 1.9428175 | CG7: 1.9389925 | CH7: 1.948495 | CI7: 1.946825 | CJ7: 1.9457275 | CK7: 1.879425 | CL7: 1.95815 | CM7: 1.8891775 | CN7: 1.9415375 | CO7: 2.032855 | CP7: 2.0769875 | CQ7: 2.074505
A8: 3.0163125 | B8: =1.158*A8 -> 3.4928898 | C8: =1/A8 -> 0.33153064 | E8: 0 | F8: 0.0585685 | G8: 0.05971675 | H8: 0.108795 | I8: 0.104285 | J8: 0.0500925 | K8: -0.02234 | L8: 0.1544675 | M8: 0.161095 | N8: 0.09782 | O8: 0.2347475 | P8: 0.2402925 | Q8: 0.51121 | R8: 0.37622 | S8: 0.4644725 | T8: 0.75419 | U8: 0.77758 | V8: 0.78667 | W8: 0.907615 | X8: 0.90726 | Y8: 0.86305 | Z8: 0.9572475 | AA8: 0.942525 | AB8: 0.9495725 | AC8: 0.984015 | AD8: 1.04964 | AE8: 1.05064 | AF8: 0.973725 | AG8: 1.0828175 | AH8: 1.15052 | AI8: 1.08585 | AJ8: 1.17042 | AK8: 1.23304 | AL8: 1.23256 | AM8: 1.3810125 | AN8: 1.3488025 | AO8: 1.39714 | AP8: 1.440735 | AQ8: 1.44038 | AR8: 1.355125 | AS8: 1.3502525 | AT8: 1.416115 | AU8: 1.414675 | AV8: 1.41523 | AW8: 1.38926 | AX8: 1.44716 | AY8: 1.497045 | AZ8: 1.42479 | BA8: 1.5711375 | BB8: 1.4254425 | BC8: 1.505975 | BD8: 1.5165525 | BE8: 1.62278 | BF8: 1.5568875 | BG8: 1.5945175 | BH8: 1.58356 | BI8: 1.5888125 | BJ8: 1.54207 | BK8: 1.642865 | BL8: 1.5484975 | BM8: 1.596035 | BN8: 1.5500075 | BO8: 1.6731425 | BP8: 1.6138175 | BQ8: 1.626945 | BR8: 1.697705 | BS8: 1.69592 | BT8: 1.6362825 | BU8: 1.771445 | BV8: 1.6310375 | BW8: 1.63117 | BX8: 1.6867125 | BY8: 1.65459 | BZ8: 1.7820725 | CA8: 1.787805 | CB8: 1.6790225 | CC8: 1.743885 | CD8: 1.74787 | CE8: 1.688915 | CF8: 1.7682825 | CG8: 1.76822 | CH8: 1.7744675 | CI8: 1.7718425 | CJ8: 1.7765975 | CK8: 1.7103575 | CL8: 1.78459 | CM8: 1.716575 | CN8: 1.758325 | CO8: 1.844575 | CP8: 1.889775 | CQ8: 1.8887925
A9: 2.9299567 | B9: =1.158*A9 -> 3.3928898 | C9: =1/A9 -> 0.34130198 | E9: 0 | F9: 0.05632125 | G9: 0.05652025 | H9: 0.06499 | I9: 0.0615075 | J9: 0.0070975 | K9: -0.0721875 | L9: 0.102095 | M9: 0.1078 | N9: 0.0512825 | O9: 0.18146 | P9: 0.1887125 | Q9: 0.4510225 | R9: 0.3171525 | S9: 0.404185 | T9: 0.6896875 | U9: 0.7105675 | V9: 0.722475 | W9: 0.866425 | X9: 0.86452 | Y9: 0.823285 | Z9: 0.9475775 | AA9: 0.9526875 | AB9: 0.9616125 | AC9: 0.991855 | AD9: 1.058035 | AE9: 1.05896 | AF9: 0.9859175 | AG9: 1.0882725 | AH9: 1.1575325 | AI9: 1.0943 | AJ9: 1.1688075 | AK9: 1.22958 | AL9: 1.2312625 | AM9: 1.3809525 | AN9: 1.3507825 | AO9: 1.3944425 | AP9: 1.44611 | AQ9: 1.44121 | AR9: 1.361435 | AS9: 1.3570575 | AT9: 1.42315 | AU9: 1.42269 | AV9: 1.42452 | AW9: 1.39712 | AX9: 1.455965 | AY9: 1.5053875 | AZ9: 1.4353425 | BA9: 1.579425 | BB9: 1.43486 | BC9: 1.5135875 | BD9: 1.52725 | BE9: 1.635575 | BF9: 1.5740525 | BG9: 1.61211 | BH9: 1.6020025 | BI9: 1.6111825 | BJ9: 1.5630725 | BK9: 1.66336 | BL9: 1.570435 | BM9: 1.6105225 | BN9: 1.57116 | BO9: 1.690595 | BP9: 1.6328475 | BQ9: 1.6473125 | BR9: 1.7159275 | BS9: 1.7139025 | BT9: 1.65743 | BU9: 1.791635 | BV9: 1.65374 | BW9: 1.656235 | BX9: 1.70869 | BY9: 1.6769025 | BZ9: 1.804135 | CA9: 1.8117825 | CB9: 1.7028425 | CC9: 1.767075 | CD9: 1.76987 | CE9: 1.7161425 | CF9: 1.7918675 | CG9: 1.7935875 | CH9: 1.7962725 | CI9: 1.795675 | CJ9: 1.80046 | CK9: 1.7378075 | CL9: 1.81301 | CM9: 1.7456775 | CN9: 1.7874875 | CO9: 1.87189 | CP9: 1.91605 | CQ9: 1.9131925
A10: 2.8436009 | B10: =1.158*A10 -> 3.2928898 | C10: =1/A10 -> 0.35166679 | E10: 0 | F10: 0.05168175 | G10: 0.0518965 | H10: 0.034535 | I10: 0.0276075 | J10: -0.02498 | K10: -0.139305 | L10: 0.038935 | M10: 0.042525 | N10: -0.0353525 | O10: 0.1006875 | P10: 0.101415 | Q10: 0.3133425 | R10: 0.1750575 | S10: 0.260865 | T10: 0.545435 | U10: 0.565355 | V10: 0.5766525 | W10: 0.8148025 | X10: 0.813465 | Y10: 0.7744325 | Z10: 0.95372 | AA10: 1.002335 | AB10: 1.011815 | AC10: 1.0424675 | AD10: 1.109615 | AE10: 1.1104875 | AF10: 1.0355725 | AG10: 1.1402375 | AH10: 1.2096075 | AI10: 1.1466925 | AJ10: 1.2121575 | AK10: 1.27172 | AL10: 1.274935 | AM10: 1.43438 | AN10: 1.40497 | AO10: 1.44947 | AP10: 1.5220475 | AQ10: 1.52025 | AR10: 1.435415 | AS10: 1.43602 | AT10: 1.501875 | AU10: 1.50151 | AV10: 1.5011 | AW10: 1.4790525 | AX10: 1.542615 | AY10: 1.5866275 | AZ10: 1.517445 | BA10: 1.67511 | BB10: 1.5328 | BC10: 1.6105125 | BD10: 1.62526 | BE10: 1.7552525 | BF10: 1.69482 | BG10: 1.73601 | BH10: 1.72514 | BI10: 1.73934 | BJ10: 1.68905 | BK10: 1.79034 | BL10: 1.6972675 | BM10: 1.739485 | BN10: 1.7049625 | BO10: 1.8266975 | BP10: 1.7699325 | BQ10: 1.7830525 | BR10: 1.852045 | BS10: 1.85012 | BT10: 1.796105 | BU10: 1.9294725 | BV10: 1.7949575 | BW10: 1.7954875 | BX10: 1.8490025 | BY10: 1.8169525 | BZ10: 1.9430675 | CA10: 1.948545 | CB10: 1.8429375 | CC10: 1.907025 | CD10: 1.910145 | CE10: 1.85679 | CF10: 1.935265 | CG10: 1.9338375 | CH10: 1.94332 | CI10: 1.9426425 | CJ10: 1.9507175 | CK10: 1.88635 | CL10: 1.96386 | CM10: 1.90086 | CN10: 1.943065 | CO10: 2.030065 | CP10: 2.07839 | CQ10: 2.0737775
A11: 2.7572451 | B11: =1.158*A11 -> 3.1928898 | C11: =1/A11 -> 0.36268085 | E11: 0 | F11: 0.04765425 | G11: 0.04940625 | H11: 0.0029925 | I11: -0.00225 | J11: -0.058725 | K11: -0.19553 | L11: -0.0155225 | M11: -0.0104775 | N11: -0.1125275 | O11: 0.0238475 | P11: 0.0240725 | Q11: 0.154545 | R11: 0.0109725 | S11: 0.101285 | T11: 0.3875 | U11: 0.409455 | V11: 0.4229325 | W11: 0.648475 | X11: 0.64613 | Y11: 0.6057 | Z11: 0.8147475 | AA11: 0.8478725 | AB11: 0.8619525 | AC11: 0.8871175 | AD11: 0.95376 | AE11: 0.9533425 | AF11: 0.8790925 | AG11: 0.9729475 | AH11: 1.041135 | AI11: 0.9779275 | AJ11: 1.019965 | AK11: 1.084635 | AL11: 1.087085 | AM11: 1.23195 | AN11: 1.203235 | AO11: 1.247335 | AP11: 1.3046575 | AQ11: 1.302565 | AR11: 1.2205425 | AS11: 1.22372 | AT11: 1.29534 | AU11: 1.2903775 | AV11: 1.28896 | AW11: 1.2593075 | AX11: 1.322725 | AY11: 1.369855 | AZ11: 1.2959425 | BA11: 1.4558125 | BB11: 1.3140925 | BC11: 1.3905525 | BD11: 1.40476 | BE11: 1.529135 | BF11: 1.47279 | BG11: 1.50902 | BH11: 1.4995925 | BI11: 1.5161175 | BJ11: 1.4633275 | BK11: 1.5667125 | BL11: 1.4684525 | BM11: 1.50351 | BN11: 1.4667875 | BO11: 1.5912875 | BP11: 1.532915 | BQ11: 1.549115 | BR11: 1.619655 | BS11: 1.6168425 | BT11: 1.559145 | BU11: 1.6967425 | BV11: 1.563865 | BW11: 1.56291 | BX11: 1.616115 | BY11: 1.5865525 | BZ11: 1.709695 | CA11: 1.719325 | CB11: 1.614295 | CC11: 1.6776425 | CD11: 1.68199 | CE11: 1.629395 | CF11: 1.70555 | CG11: 1.707115 | CH11: 1.71301 | CI11: 1.7131025 | CJ11: 1.7261075 | CK11: 1.6612025 | CL11: 1.735915 | CM11: 1.6710825 | CN11: 1.7137575 | CO11: 1.80413 | CP11: 1.85297 | CQ11: 1.85009
A12: 2.6708893 | B12: =1.158*A12 -> 3.0928898 | C12: =1/A12 -> 0.37440713 | E12: 0 | F12: 0.04549625 | G12: 0.04509875 | H12: 0.0057475 | I12: 0.0001325 | J12: -0.0554925 | K12: -0.1984875 | L12: -0.019745 | M12: -0.0137025 | N12: -0.126285 | O12: 0.01104 | P12: 0.0111775 | Q12: 0.0885925 | R12: -0.05332 | S12: 0.037365 | T12: 0.32579 | U12: 0.34664 | V12: 0.3598025 | W12: 0.5848425 | X12: 0.57909 | Y12: 0.536815 | Z12: 0.7505525 | AA12: 0.84606 | AB12: 0.861565 | AC12: 0.8830275 | AD12: 0.9971025 | AE12: 0.99709 | AF12: 0.9247675 | AG12: 1.0284525 | AH12: 1.09516 | AI12: 1.032855 | AJ12: 1.073105 | AK12: 1.1359875 | AL12: 1.13784 | AM12: 1.287435 | AN12: 1.26178 | AO12: 1.304175 | AP12: 1.3685175 | AQ12: 1.36298 | AR12: 1.2845375 | AS12: 1.288535 | AT12: 1.3604325 | AU12: 1.3576425 | AV12: 1.3534175 | AW12: 1.323105 | AX12: 1.38558 | AY12: 1.432135 | AZ12: 1.3571825 | BA12: 1.5143175 | BB12: 1.377345 | BC12: 1.4499875 | BD12: 1.46759 | BE12: 1.5950675 | BF12: 1.53567 | BG12: 1.5742625 | BH12: 1.570915 | BI12: 1.5911225 | BJ12: 1.53349 | BK12: 1.637915 | BL12: 1.5432775 | BM12: 1.5714325 | BN12: 1.5395575 | BO12: 1.662055 | BP12: 1.6051975 | BQ12: 1.6208425 | BR12: 1.6915225 | BS12: 1.6887075 | BT12: 1.62725 | BU12: 1.77108 | BV12: 1.6406525 | BW12: 1.6386825 | BX12: 1.6897825 | BY12: 1.6596575 | BZ12: 1.7886575 | CA12: 1.7943275 | CB12: 1.68961 | CC12: 1.755615 | CD12: 1.7588675 | CE12: 1.707555 | CF12: 1.782735 | CG12: 1.784345 | CH12: 1.791915 | CI12: 1.7888125 | CJ12: 1.8071225 | CK12: 1.7394475 | CL12: 1.81597 | CM12: 1.7482225 | CN12: 1.7943925 | CO12: 1.886235 | CP12: 1.9317425 | CQ12: 1.9299675
A13: 2.5845335 | B13: =1.158*A13 -> 2.9928898 | C13: =1/A13 -> 0.38691702 | E13: 0 | F13: 0.0427365 | G13: 0.041469 | H13: 0.0051075 | I13: -0.0021875 | J13: -0.0604975 | K13: -0.2090525 | L13: -0.022965 | M13: -0.0215525 | N13: -0.13131 | O13: 0.00727 | P13: 0.0067025 | Q13: 0.012295 | R13: -0.13183 | S13: -0.0403675 | T13: 0.17675 | U13: 0.19012 | V13: 0.20197 | W13: 0.4095225 | X13: 0.408195 | Y13: 0.36256 | Z13: 0.570895 | AA13: 0.7068175 | AB13: 0.72127 | AC13: 0.7460525 | AD13: 0.8956275 | AE13: 0.897265 | AF13: 0.8225475 | AG13: 0.92959 | AH13: 0.9999825 | AI13: 0.9376475 | AJ13: 0.9569875 | AK13: 1.020965 | AL13: 1.023245 | AM13: 1.167775 | AN13: 1.140555 | AO13: 1.1872925 | AP13: 1.246385 | AQ13: 1.2401625 | AR13: 1.159695 | AS13: 1.1644225 | AT13: 1.2374425 | AU13: 1.234025 | AV13: 1.235715 | AW13: 1.20401 | AX13: 1.263685 | AY13: 1.3114975 | AZ13: 1.23736 | BA13: 1.38335 | BB13: 1.2448675 | BC13: 1.3192125 | BD13: 1.3358325 | BE13: 1.47278 | BF13: 1.40994 | BG13: 1.45253 | BH13: 1.4503425 | BI13: 1.4734075 | BJ13: 1.413315 | BK13: 1.52102 | BL13: 1.4239025 | BM13: 1.4489175 | BN13: 1.4165525 | BO13: 1.5409425 | BP13: 1.4843425 | BQ13: 1.4996425 | BR13: 1.5685275 | BS13: 1.568655 | BT13: 1.50923 | BU13: 1.651115 | BV13: 1.5202575 | BW13: 1.517365 | BX13: 1.572075 | BY13: 1.54235 | BZ13: 1.6738975 | CA13: 1.67957 | CB13: 1.5731575 | CC13: 1.6406675 | CD13: 1.6446875 | CE13: 1.5942175 | CF13: 1.6700575 | CG13: 1.674255 | CH13: 1.67973 | CI13: 1.675525 | CJ13: 1.696905 | CK13: 1.62896 | CL13: 1.70439 | CM13: 1.6372025 | CN13: 1.6858625 | CO13: 1.778835 | CP13: 1.8229075 | CQ13: 1.821645
A14: 2.4981777 | B14: =1.158*A14 -> 2.8928898 | C14: =1/A14 -> 0.40029177 | E14: 0 | F14: 0.0391805 | G14: 0.038361 | H14: -0.0001375 | I14: -0.006555 | J14: -0.0621425 | K14: -0.21602 | L14: -0.0285775 | M14: -0.0298925 | N14: -0.1355775 | O14: 0.00346 | P14: 0.0036925 | Q14: -0.0071475 | R14: -0.15353 | S14: -0.0585325 | T14: 0.1153925 | U14: 0.1253825 | V14: 0.1349375 | W14: 0.291585 | X14: 0.2896925 | Y14: 0.2447475 | Z14: 0.439825 | AA14: 0.5622725 | AB14: 0.5697475 | AC14: 0.599675 | AD14: 0.7715525 | AE14: 0.7724225 | AF14: 0.695475 | AG14: 0.79552 | AH14: 0.8676075 | AI14: 0.8032425 | AJ14: 0.7949775 | AK14: 0.85812 | AL14: 0.8620875 | AM14: 0.9874525 | AN14: 0.95372 | AO14: 1.005545 | AP14: 1.0454675 | AQ14: 1.04115 | AR14: 0.9624125 | AS14: 0.969475 | AT14: 1.04142 | AU14: 1.038175 | AV14: 1.038515 | AW14: 1.003985 | AX14: 1.0654725 | AY14: 1.1112225 | AZ14: 1.0383375 | BA14: 1.1799875 | BB14: 1.036505 | BC14: 1.11361 | BD14: 1.1287475 | BE14: 1.2588625 | BF14: 1.1948425 | BG14: 1.240685 | BH14: 1.24108 | BI14: 1.2581125 | BJ14: 1.2028275 | BK14: 1.31056 | BL14: 1.2110375 | BM14: 1.2265075 | BN14: 1.1954175 | BO14: 1.32073 | BP14: 1.2618875 | BQ14: 1.2773425 | BR14: 1.3504475 | BS14: 1.3499075 | BT14: 1.291215 | BU14: 1.4342875 | BV14: 1.2984275 | BW14: 1.2961025 | BX14: 1.3568925 | BY14: 1.32344 | BZ14: 1.46041 | CA14: 1.4703175 | CB14: 1.356155 | CC14: 1.4289175 | CD14: 1.4328325 | CE14: 1.37712 | CF14: 1.45653 | CG14: 1.46054 | CH14: 1.46622 | CI14: 1.46478 | CJ14: 1.48265 | CK14: 1.4151575 | CL14: 1.4902425 | CM14: 1.423335 | CN14: 1.47165 | CO14: 1.562915 | CP14: 1.61093 | CQ14: 1.6100075
... A22: 1.8073315 | B22: =1.158*A22 -> 2.0928898 | C22: =1/A22 -> 0.55330194 | E22: 0 | F22: 0.037408 | G22: 0.04031275 | H22: -0.0506475 | I22: -0.05155 | J22: -0.1660675 | K22: -0.4736575 | L22: -0.109075 | M22: -0.1154525 | N22: -0.293475 | O22: -0.0332525 | P22: -0.02983 | Q22: -0.0470225 | R22: -0.3329575 | S22: -0.145555 | T22: 0.007445 | U22: 0.00914 | V22: 0.0135275 | W22: 0.0106975 | X22: 0.0152875 | Y22: -0.07012 | Z22: 0.070825 | AA22: -0.1603675 | AB22: -0.1638225 | AC22: -0.083445 | AD22: -0.06612 | AE22: -0.0721375 | AF22: -0.2239675 | AG22: 0.024865 | AH22: 0.1672325 | AI22: 0.037405 | AJ22: -0.0108375 | AK22: 0.1168825 | AL22: 0.11743 | AM22: 0.3279525 | AN22: 0.2439425 | AO22: 0.35535 | AP22: 0.361845 | AQ22: 0.4013725 | AR22: 0.342905 | AS22: 0.4184 | AT22: 0.575155 | AU22: 0.6018825 | AV22: 0.6061125 | AW22: 0.56223 | AX22: 0.6684925 | AY22: 0.7682525 | AZ22: 0.6148875 | BA22: 0.8742375 | BB22: 0.59861 | BC22: 0.7754075 | BD22: 0.8137825 | BE22: 0.9857825 | BF22: 0.853155 | BG22: 0.9414975 | BH22: 0.93783 | BI22: 0.932035 | BJ22: 0.858735 | BK22: 1.0561225 | BL22: 0.86401417 | BM22: 0.81877083 | BN22: 0.75912417 | BO22: 0.96712167 | BP22: 0.84390083 | BQ22: 0.83807083 | BR22: 0.98209667 | BS22: 0.98481167 | BT22: 0.8775275 | BU22: 1.1117375 | BV22: 0.83710417 | BW22: 0.84053083 | BX22: 0.956625 | BY22: 0.88168583 | BZ22: 1.1274367 | CA22: 1.1234 | CB22: 0.89680417 | CC22: 1.0217225 | CD22: 1.0225625 | CE22: 0.91072667 | CF22: 1.0580933 | CG22: 1.0456117 | CH22: 1.0569683 | CI22: 1.049255 | CJ22: 1.0546867 | CK22: 0.92670667 | CL22: 1.0418658 | CM22: 0.90255167 | CN22: 0.88020583 | CO22: 0.98638417 | CP22: 1.0761825 | CQ22: 1.0772125
D24: =D1 -> P [kN] | E24: =MAX($E1:E1) -> 0 | F24: =MAX($E1:F1) -> 126 | G24: =MAX($E1:G1) -> 126 | H24: =MAX($E1:H1) -> 134 | I24: =MAX($E1:I1) -> 135 | J24: =MAX($E1:J1) -> 135 | K24: =MAX($E1:K1) -> 143 | L24: =MAX($E1:L1) -> 144 | ... CQ24: =MAX($E1:CQ1) -> 346
A25: =A2 -> M/(Vd) | B25: =B2 -> x | C25: =C2 -> Vd/M | D25: =D2 -> V [kN] | E25: =MAX($E2:E2) -> 30 | F25: =MAX($E2:F2) -> 93 | G25: =MAX($E2:G2) -> 93 | H25: =MAX($E2:H2) -> 97 | I25: =MAX($E2:I2) -> 97.5 | J25: =MAX($E2:J2) -> 97.5 | K25: =MAX($E2:K2) -> 101.5 | L25: =MAX($E2:L2) -> 102 | ... CQ25: =MAX($E2:CQ2) -> 203
A26: =A3 -> 3.4480914 | B26: =B3 -> 3.9928898 | C26: =C3 -> 0.29001552 | E26: =MAX($E3:E3) -> 0 | F26: =MAX($E3:F3) -> 0.0969145 | G26: =MAX($E3:G3) -> 0.0969145 | H26: =MAX($E3:H3) -> 0.7215895 | I26: =MAX($E3:I3) -> 0.72212825 | J26: =MAX($E3:J3) -> 0.72212825 | K26: =MAX($E3:K3) -> 0.72212825 | L26: =MAX($E3:L3) -> 0.83152175 | ... CQ26: =MAX($E3:CQ3) -> 2.567315
A27: =A4 -> 3.3617356 | B27: =B4 -> 3.8928898 | C27: =C4 -> 0.29746539 | E27: =MAX($E4:E4) -> 0 | F27: =MAX($E4:F4) -> 0.0890955 | G27: =MAX($E4:G4) -> 0.0890955 | H27: =MAX($E4:H4) -> 0.555065 | I27: =MAX($E4:I4) -> 0.555065 | J27: =MAX($E4:J4) -> 0.555065 | K27: =MAX($E4:K4) -> 0.555065 | L27: =MAX($E4:L4) -> 0.6673275 | ... CQ27: =MAX($E4:CQ4) -> 2.353135
A28: =A5 -> 3.2753798 | B28: =B5 -> 3.7928898 | C28: =C5 -> 0.3053081 | E28: =MAX($E5:E5) -> 0 | F28: =MAX($E5:F5) -> 0.08100925 | G28: =MAX($E5:G5) -> 0.08100925 | H28: =MAX($E5:H5) -> 0.46431 | I28: =MAX($E5:I5) -> 0.465105 | J28: =MAX($E5:J5) -> 0.465105 | K28: =MAX($E5:K5) -> 0.465105 | L28: =MAX($E5:L5) -> 0.5726 | ... CQ28: =MAX($E5:CQ5) -> 2.265195
A29: =A6 -> 3.189024 | B29: =B6 -> 3.6928898 | C29: =C6 -> 0.31357556 | E29: =MAX($E6:E6) -> 0 | F29: =MAX($E6:F6) -> 0.06907 | G29: =MAX($E6:G6) -> 0.06907 | H29: =MAX($E6:H6) -> 0.3462075 | I29: =MAX($E6:I6) -> 0.3462075 | J29: =MAX($E6:J6) -> 0.3462075 | K29: =MAX($E6:K6) -> 0.3462075 | L29: =MAX($E6:L6) -> 0.436605 | ... CQ29: =MAX($E6:CQ6) -> 2.2485025
A30: =A7 -> 3.1026682 | B30: =B7 -> 3.5928898 | C30: =C7 -> 0.32230323 | E30: =MAX($E7:E7) -> 0 | F30: =MAX($E7:F7) -> 0.0615585 | G30: =MAX($E7:G7) -> 0.0615585 | H30: =MAX($E7:H7) -> 0.2306775 | I30: =MAX($E7:I7) -> 0.2306775 | J30: =MAX($E7:J7) -> 0.2306775 | K30: =MAX($E7:K7) -> 0.2306775 | L30: =MAX($E7:L7) -> 0.30978 | ... CQ30: =MAX($E7:CQ7) -> 2.0769875
A31: =A8 -> 3.0163125 | B31: =B8 -> 3.4928898 | C31: =C8 -> 0.33153064 | E31: =MAX($E8:E8) -> 0 | F31: =MAX($E8:F8) -> 0.0585685 | G31: =MAX($E8:G8) -> 0.05971675 | H31: =MAX($E8:H8) -> 0.108795 | I31: =MAX($E8:I8) -> 0.108795 | J31: =MAX($E8:J8) -> 0.108795 | K31: =MAX($E8:K8) -> 0.108795 | L31: =MAX($E8:L8) -> 0.1544675 | ... CQ31: =MAX($E8:CQ8) -> 1.889775
A32: =A9 -> 2.9299567 | B32: =B9 -> 3.3928898 | C32: =C9 -> 0.34130198 | E32: =MAX($E9:E9) -> 0 | F32: =MAX($E9:F9) -> 0.05632125 | G32: =MAX($E9:G9) -> 0.05652025 | H32: =MAX($E9:H9) -> 0.06499 | I32: =MAX($E9:I9) -> 0.06499 | J32: =MAX($E9:J9) -> 0.06499 | K32: =MAX($E9:K9) -> 0.06499 | L32: =MAX($E9:L9) -> 0.102095 | ... CQ32: =MAX($E9:CQ9) -> 1.91605
A33: =A10 -> 2.8436009 | B33: =B10 -> 3.2928898 | C33: =C10 -> 0.35166679 | E33: =MAX($E10:E10) -> 0 | F33: =MAX($E10:F10) -> 0.05168175 | G33: =MAX($E10:G10) -> 0.0518965 | H33: =MAX($E10:H10) -> 0.0518965 | I33: =MAX($E10:I10) -> 0.0518965 | J33: =MAX($E10:J10) -> 0.0518965 | K33: =MAX($E10:K10) -> 0.0518965 | L33: =MAX($E10:L10) -> 0.0518965 | ... CQ33: =MAX($E10:CQ10) -> 2.07839
A34: =A11 -> 2.7572451 | B34: =B11 -> 3.1928898 | C34: =C11 -> 0.36268085 | E34: =MAX($E11:E11) -> 0 | F34: =MAX($E11:F11) -> 0.04765425 | G34: =MAX($E11:G11) -> 0.04940625 | H34: =MAX($E11:H11) -> 0.04940625 | I34: =MAX($E11:I11) -> 0.04940625 | J34: =MAX($E11:J11) -> 0.04940625 | K34: =MAX($E11:K11) -> 0.04940625 | L34: =MAX($E11:L11) -> 0.04940625 | ... CQ34: =MAX($E11:CQ11) -> 1.85297
A35: =A12 -> 2.6708893 | B35: =B12 -> 3.0928898 | C35: =C12 -> 0.37440713 | E35: =MAX($E12:E12) -> 0 | F35: =MAX($E12:F12) -> 0.04549625 | G35: =MAX($E12:G12) -> 0.04549625 | H35: =MAX($E12:H12) -> 0.04549625 | I35: =MAX($E12:I12) -> 0.04549625 | J35: =MAX($E12:J12) -> 0.04549625 | K35: =MAX($E12:K12) -> 0.04549625 | L35: =MAX($E12:L12) -> 0.04549625 | ... CQ35: =MAX($E12:CQ12) -> 1.9317425
A36: =A13 -> 2.5845335 | B36: =B13 -> 2.9928898 | C36: =C13 -> 0.38691702 | E36: =MAX($E13:E13) -> 0 | F36: =MAX($E13:F13) -> 0.0427365 | G36: =MAX($E13:G13) -> 0.0427365 | H36: =MAX($E13:H13) -> 0.0427365 | I36: =MAX($E13:I13) -> 0.0427365 | J36: =MAX($E13:J13) -> 0.0427365 | K36: =MAX($E13:K13) -> 0.0427365 | L36: =MAX($E13:L13) -> 0.0427365 | ... CQ36: =MAX($E13:CQ13) -> 1.8229075
A37: =A14 -> 2.4981777 | B37: =B14 -> 2.8928898 | C37: =C14 -> 0.40029177 | E37: =MAX($E14:E14) -> 0 | F37: =MAX($E14:F14) -> 0.0391805 | G37: =MAX($E14:G14) -> 0.0391805 | H37: =MAX($E14:H14) -> 0.0391805 | I37: =MAX($E14:I14) -> 0.0391805 | J37: =MAX($E14:J14) -> 0.0391805 | K37: =MAX($E14:K14) -> 0.0391805 | L37: =MAX($E14:L14) -> 0.0391805 | ... CQ37: =MAX($E14:CQ14) -> 1.61093
... A45: =A22 -> 1.8073315 | B45: =B22 -> 2.0928898 | C45: =C22 -> 0.55330194 | E45: =MAX($E22:E22) -> 0 | F45: =MAX($E22:F22) -> 0.037408 | G45: =MAX($E22:G22) -> 0.04031275 | H45: =MAX($E22:H22) -> 0.04031275 | I45: =MAX($E22:I22) -> 0.04031275 | J45: =MAX($E22:J22) -> 0.04031275 | K45: =MAX($E22:K22) -> 0.04031275 | L45: =MAX($E22:L22) -> 0.04031275 | ... CQ45: =MAX($E22:CQ22) -> 1.1274367
D47: w_max | E47: =MAX(E26:E45) -> 0 | F47: =MAX(F26:F45) -> 0.0969145 | G47: =MAX(G26:G45) -> 0.0969145 | H47: =MAX(H26:H45) -> 0.7215895 | I47: =MAX(I26:I45) -> 0.72212825 | J47: =MAX(J26:J45) -> 0.72212825 | K47: =MAX(K26:K45) -> 0.72212825 | L47: =MAX(L26:L45) -> 0.83152175 | ... CQ47: =MAX(CQ26:CQ45) -> 2.567315 | CR47: 10
D48: w_max,w | E48: {=MAX($C26:$C45*E26:E45)} -> 0 | F48: {=MAX($C26:$C45*F26:F45)} -> 0.028106709 | G48: {=MAX($C26:$C45*G26:G45)} -> 0.028106709 | H48: {=MAX($C26:$C45*H26:H45)} -> 0.20927215 | I48: {=MAX($C26:$C45*I26:I45)} -> 0.2094284 | J48: {=MAX($C26:$C45*J26:J45)} -> 0.2094284 | K48: {=MAX($C26:$C45*K26:K45)} -> 0.2094284 | L48: {=MAX($C26:$C45*L26:L45)} -> 0.24115421 | ... CQ48: {=MAX($C26:$C45*CQ26:CQ45)} -> 0.74456118 | CR48: 10
D49: V_u/V | E49: =MAX($E25:$CQ25)/E25 -> 6.7666667 | F49: =MAX($E25:$CQ25)/F25 -> 2.1827957 | G49: =MAX($E25:$CQ25)/G25 -> 2.1827957 | H49: =MAX($E25:$CQ25)/H25 -> 2.0927835 | I49: =MAX($E25:$CQ25)/I25 -> 2.0820513 | J49: =MAX($E25:$CQ25)/J25 -> 2.0820513 | K49: =MAX($E25:$CQ25)/K25 -> 2 | L49: =MAX($E25:$CQ25)/L25 -> 1.9901961 | ... CQ49: =MAX($E25:$CQ25)/CQ25 -> 1 | CR49: 1
D50: V/V_u | E50: =E25/MAX($E25:$CQ25) -> 0.14778325 | F50: =F25/MAX($E25:$CQ25) -> 0.45812808 | G50: =G25/MAX($E25:$CQ25) -> 0.45812808 | H50: =H25/MAX($E25:$CQ25) -> 0.47783251 | I50: =I25/MAX($E25:$CQ25) -> 0.48029557 | J50: =J25/MAX($E25:$CQ25) -> 0.48029557 | K50: =K25/MAX($E25:$CQ25) -> 0.5 | L50: =L25/MAX($E25:$CQ25) -> 0.50246305 | ... CQ50: =CQ25/MAX($E25:$CQ25) -> 1

Sheet H404
D1: P [kN] | E1: 0 | F1: 49 | G1: 51 | H1: 51 | I1: 100 | J1: 100 | K1: 100 | L1: 125 | M1: 125 | N1: 125 | O1: 148 | P1: 150 | Q1: 150 | R1: 152 | S1: 152 | T1: 112 | U1: 133 | V1: 116 | W1: 108 | X1: 131 | Y1: 148 | Z1: 149 | AA1: 150 | AB1: 159 | AC1: 151 | AD1: 142 | AE1: 175 | AF1: 175 | AG1: 175 | AH1: 150 | AI1: 150 | AJ1: 150 | AK1: 175 | AL1: 175 | AM1: 176 | AN1: 183 | AO1: 186 | AP1: 199 | AQ1: 200 | AR1: 200 | AS1: 209 | AT1: 210 | AU1: 210 | AV1: 211 | AW1: 209 | AX1: 213 | AY1: 224 | AZ1: 225 | BA1: 225 | BB1: 233 | BC1: 238 | BD1: 238 | BE1: 238 | BF1: 233 | BG1: 228 | BH1: 226 | BI1: 226 | BJ1: 226 | BK1: 228 | BL1: 229 | BM1: 232 | BN1: 235 | BO1: 236 | BP1: 236 | BQ1: 249 | BR1: 250 | BS1: 250 | BT1: 255 | BU1: 259 | BV1: 260 | BW1: 265 | BX1: 265 | BY1: 268 | BZ1: 266 | CA1: 268 | CB1: 269 | CC1: 269
A2: M/(Vd) | B2: x | C2: Vd/M | D2: V [kN] | E2: =30+E1*0.55555556 -> 30 | F2: =30+F1*0.55555556 -> 57.222222 | G2: =30+G1*0.55555556 -> 58.333334 | H2: =30+H1*0.55555556 -> 58.333334 | I2: =30+I1*0.55555556 -> 85.555556 | J2: =30+J1*0.55555556 -> 85.555556 | K2: =30+K1*0.55555556 -> 85.555556 | L2: =30+L1*0.55555556 -> 99.444445 | ... CC2: =30+CC1*0.55555556 -> 179.44445
A3: 3.0058054 | B3: =1.158*A3 -> 3.4807226 | C3: =1/A3 -> 0.33268954 | E3: 0 | F3: 0.02865725 | G3: -0.024873 | H3: 0.0127935 | I3: 0.03015325 | J3: 0.02804475 | K3: 0.028355 | L3: 0.10399875 | M3: 0.06204225 | N3: 0.05836125 | O3: 0.15927675 | P3: 0.154087 | Q3: 0.06135425 | R3: 0.0411325 | S3: 0.0180725 | T3: 0.0211925 | U3: 0.260085 | V3: 0.3684775 | W3: 0.3787625 | X3: 0.7063275 | Y3: 0.9544975 | Z3: 1.0243225 | AA3: 0.9477925 | AB3: 1.0775375 | AC3: 1.15406 | AD3: 1.1933175 | AE3: 1.3963975 | AF3: 1.47997 | AG3: 1.4750775 | AH3: 1.34968 | AI3: 1.34533 | AJ3: 1.347255 | AK3: 1.57132 | AL3: 1.5274625 | AM3: 1.5259125 | AN3: 1.572235 | AO3: 1.644985 | AP3: 1.669685 | AQ3: 1.672185 | AR3: 1.7637675 | AS3: 1.83659 | AT3: 1.6971 | AU3: 1.69356 | AV3: 1.79331 | AW3: 1.79837 | AX3: 1.7884225 | AY3: 1.9121575 | AZ3: 1.91016 | BA3: 1.9267675 | BB3: 1.9956125 | BC3: 2.0128575 | BD3: 2.0168175 | BE3: 1.9176775 | BF3: 1.96915 | BG3: 1.8847625 | BH3: 1.9221475 | BI3: 2.0634225 | BJ3: 1.9246925 | BK3: 1.930775 | BL3: 1.98416 | BM3: 1.938465 | BN3: 1.9449175 | BO3: 1.9433875 | BP3: 1.950435 | BQ3: 2.0261975 | BR3: 2.0716825 | BS3: 2.0063825 | BT3: 2.047075 | BU3: 2.0724575 | BV3: 2.1084775 | BW3: 2.1280975 | BX3: 2.208265 | BY3: 2.1668 | BZ3: 2.2161325 | CA3: 2.1253975 | CB3: 1.9382775 | CC3: 1.8720525
A4: 2.9194496 | B4: =1.158*A4 -> 3.3807226 | C4: =1/A4 -> 0.34253032 | E4: 0 | F4: 0.02208275 | G4: -0.019284 | H4: 0.00788575 | I4: 0.0271195 | J4: 0.02360525 | K4: 0.0249895 | L4: 0.0950115 | M4: 0.052381 | N4: 0.05076125 | O4: 0.150198 | P4: 0.1443025 | Q4: 0.05431375 | R4: 0.033735 | S4: 0.0142125 | T4: 0.0124375 | U4: 0.16325 | V4: 0.26458 | W4: 0.2714275 | X4: 0.56316 | Y4: 0.7786625 | Z4: 0.8452375 | AA4: 0.76888 | AB4: 0.8965575 | AC4: 0.9690075 | AD4: 1.007825 | AE4: 1.17734 | AF4: 1.2606975 | AG4: 1.257415 | AH4: 1.14676 | AI4: 1.1457125 | AJ4: 1.1455 | AK4: 1.3523 | AL4: 1.31046 | AM4: 1.3094225 | AN4: 1.350555 | AO4: 1.4163275 | AP4: 1.426505 | AQ4: 1.4283425 | AR4: 1.515295 | AS4: 1.5807275 | AT4: 1.4456175 | AU4: 1.44318 | AV4: 1.53708 | AW4: 1.5446375 | AX4: 1.54039 | AY4: 1.638305 | AZ4: 1.6391625 | BA4: 1.6558125 | BB4: 1.7147875 | BC4: 1.7294725 | BD4: 1.739105 | BE4: 1.6433075 | BF4: 1.69662 | BG4: 1.6120975 | BH4: 1.65046 | BI4: 1.790425 | BJ4: 1.652035 | BK4: 1.65655 | BL4: 1.7079175 | BM4: 1.661225 | BN4: 1.66789 | BO4: 1.66993 | BP4: 1.6722075 | BQ4: 1.7400625 | BR4: 1.7848325 | BS4: 1.719035 | BT4: 1.75736 | BU4: 1.77372 | BV4: 1.81528 | BW4: 1.8281 | BX4: 1.901335 | BY4: 1.8625125 | BZ4: 1.910445 | CA4: 1.82143 | CB4: 1.6585225 | CC4: 1.593545
A5: 2.8330938 | B5: =1.158*A5 -> 3.2807226 | C5: =1/A5 -> 0.35297101 | E5: 0 | F5: 0.01837825 | G5: -0.026304 | H5: 0.007752 | I5: 0.02372575 | J5: 0.01873025 | K5: 0.01952375 | L5: 0.0896355 | M5: 0.04744 | N5: 0.04704375 | O5: 0.143694 | P5: 0.13842725 | Q5: 0.05083275 | R5: 0.0247025 | S5: 0.0129675 | T5: 0.021495 | U5: 0.0534525 | V5: 0.1480075 | W5: 0.1487525 | X5: 0.3899475 | Y5: 0.58225 | Z5: 0.645645 | AA5: 0.56597 | AB5: 0.7198825 | AC5: 0.7880925 | AD5: 0.8298025 | AE5: 1.0037 | AF5: 1.08629 | AG5: 1.081765 | AH5: 0.9866 | AI5: 0.98774 | AJ5: 0.98565 | AK5: 1.18117 | AL5: 1.1383775 | AM5: 1.1389125 | AN5: 1.1721525 | AO5: 1.237 | AP5: 1.2432925 | AQ5: 1.2444425 | AR5: 1.32939 | AS5: 1.3898575 | AT5: 1.254455 | AU5: 1.2538925 | AV5: 1.3486025 | AW5: 1.35411 | AX5: 1.353355 | AY5: 1.438 | AZ5: 1.4407725 | BA5: 1.45469 | BB5: 1.5066875 | BC5: 1.52101 | BD5: 1.53547 | BE5: 1.44151 | BF5: 1.4962625 | BG5: 1.410695 | BH5: 1.4482525 | BI5: 1.585565 | BJ5: 1.44903 | BK5: 1.4573325 | BL5: 1.506835 | BM5: 1.4571575 | BN5: 1.46499 | BO5: 1.469455 | BP5: 1.4694575 | BQ5: 1.5307075 | BR5: 1.57189 | BS5: 1.50562 | BT5: 1.5414575 | BU5: 1.555655 | BV5: 1.59117 | BW5: 1.60273 | BX5: 1.6769925 | BY5: 1.6358475 | BZ5: 1.6857725 | CA5: 1.5955 | CB5: 1.45617 | CC5: 1.391285
A6: 2.746738 | B6: =1.158*A6 -> 3.1807226 | C6: =1/A6 -> 0.36406821 | E6: 0 | F6: 0.0118995 | G6: -0.0414405 | H6: 0.00225325 | I6: 0.02144025 | J6: 0.0141555 | K6: 0.02020375 | L6: 0.0855635 | M6: 0.04374225 | N6: 0.038645 | O6: 0.14091225 | P6: 0.13517025 | Q6: 0.0488295 | R6: 0.01511 | S6: 0.015915 | T6: 0.0111725 | U6: -0.006955 | V6: 0.081525 | W6: 0.07244 | X6: 0.28268 | Y6: 0.469605 | Z6: 0.5317475 | AA6: 0.455675 | AB6: 0.6066275 | AC6: 0.6751075 | AD6: 0.7174325 | AE6: 0.870105 | AF6: 0.953965 | AG6: 0.948125 | AH6: 0.8737775 | AI6: 0.874755 | AJ6: 0.8761875 | AK6: 1.0674675 | AL6: 1.02514 | AM6: 1.02377 | AN6: 1.0593825 | AO6: 1.121575 | AP6: 1.1249025 | AQ6: 1.12795 | AR6: 1.209975 | AS6: 1.272295 | AT6: 1.1366175 | AU6: 1.1383075 | AV6: 1.2338275 | AW6: 1.2391325 | AX6: 1.2516825 | AY6: 1.3344225 | AZ6: 1.337925 | BA6: 1.3530475 | BB6: 1.3995775 | BC6: 1.4165775 | BD6: 1.4361125 | BE6: 1.3414225 | BF6: 1.3952025 | BG6: 1.314795 | BH6: 1.352 | BI6: 1.48987 | BJ6: 1.3531875 | BK6: 1.3601825 | BL6: 1.4102325 | BM6: 1.36031 | BN6: 1.369975 | BO6: 1.3754425 | BP6: 1.3773375 | BQ6: 1.4439975 | BR6: 1.48747 | BS6: 1.416055 | BT6: 1.45899 | BU6: 1.473685 | BV6: 1.5122975 | BW6: 1.52346 | BX6: 1.5997825 | BY6: 1.556935 | BZ6: 1.6054 | CA6: 1.51967 | CB6: 1.3952725 | CC6: 1.3230075
A7: 2.6603822 | B7: =1.158*A7 -> 3.0807226 | C7: =1/A7 -> 0.37588583 | E7: 0 | F7: 0.013046 | G7: -0.04130475 | H7: -0.0018005 | I7: 0.018722 | J7: 0.0085385 | K7: 0.014588 | L7: 0.08426275 | M7: 0.044251 | N7: 0.044612 | O7: 0.1380075 | P7: 0.134189 | Q7: 0.04427675 | R7: 0.0071975 | S7: 0.0161175 | T7: 0.0181975 | U7: -0.0092675 | V7: 0.077515 | W7: 0.070765 | X7: 0.1640075 | Y7: 0.30159 | Z7: 0.36255 | AA7: 0.290755 | AB7: 0.424695 | AC7: 0.4926975 | AD7: 0.5366125 | AE7: 0.648565 | AF7: 0.736605 | AG7: 0.7297 | AH7: 0.910445 | AI7: 0.910315 | AJ7: 0.912165 | AK7: 1.1613475 | AL7: 1.1158475 | AM7: 1.119745 | AN7: 1.1797775 | AO7: 1.2476 | AP7: 1.27604 | AQ7: 1.2727225 | AR7: 1.3561725 | AS7: 1.4204875 | AT7: 1.271115 | AU7: 1.2745625 | AV7: 1.36042 | AW7: 1.35629 | AX7: 1.36664 | AY7: 1.4313175 | AZ7: 1.441365 | BA7: 1.458755 | BB7: 1.500465 | BC7: 1.51165 | BD7: 1.5387625 | BE7: 1.44054 | BF7: 1.498625 | BG7: 1.4140425 | BH7: 1.4548375 | BI7: 1.5958425 | BJ7: 1.457535 | BK7: 1.465245 | BL7: 1.5136725 | BM7: 1.4586075 | BN7: 1.4759425 | BO7: 1.48667 | BP7: 1.482785 | BQ7: 1.555895 | BR7: 1.5974575 | BS7: 1.526615 | BT7: 1.5674125 | BU7: 1.5785375 | BV7: 1.6195 | BW7: 1.6264725 | BX7: 1.7076525 | BY7: 1.65978 | BZ7: 1.712835 | CA7: 1.630615 | CB7: 1.51388 | CC7: 1.4353175
A8: 2.5740265 | B8: =1.158*A8 -> 2.9807226 | C8: =1/A8 -> 0.38849639 | E8: 0 | F8: 0.01084225 | G8: -0.048765 | H8: -0.0078995 | I8: 0.013868 | J8: 0.003486 | K8: 0.01362225 | L8: 0.08132725 | M8: 0.0358365 | N8: 0.0373695 | O8: 0.13640725 | P8: 0.12687975 | Q8: 0.0362195 | R8: 0.0013225 | S8: 0.0131925 | T8: 0.02528 | U8: -0.015355 | V8: 0.07294 | W8: 0.06616 | X8: 0.09725 | Y8: 0.209795 | Z8: 0.26923 | AA8: 0.1940825 | AB8: 0.313135 | AC8: 0.382445 | AD8: 0.421555 | AE8: 0.5114125 | AF8: 0.6006475 | AG8: 0.5958725 | AH8: 0.8432925 | AI8: 0.8448575 | AJ8: 0.8451925 | AK8: 1.1230425 | AL8: 1.075905 | AM8: 1.082845 | AN8: 1.141785 | AO8: 1.20662 | AP8: 1.22113 | AQ8: 1.22131 | AR8: 1.2993825 | AS8: 1.363285 | AT8: 1.210515 | AU8: 1.2160475 | AV8: 1.2951875 | AW8: 1.29422 | AX8: 1.301485 | AY8: 1.356935 | AZ8: 1.3675125 | BA8: 1.3823225 | BB8: 1.4176725 | BC8: 1.432995 | BD8: 1.46146 | BE8: 1.36297 | BF8: 1.424745 | BG8: 1.3369725 | BH8: 1.3795225 | BI8: 1.5212325 | BJ8: 1.378465 | BK8: 1.3884875 | BL8: 1.440195 | BM8: 1.3859925 | BN8: 1.399535 | BO8: 1.41273 | BP8: 1.4107325 | BQ8: 1.48009 | BR8: 1.517205 | BS8: 1.4465725 | BT8: 1.4876225 | BU8: 1.4931775 | BV8: 1.5365875 | BW8: 1.5412075 | BX8: 1.62005 | BY8: 1.572955 | BZ8: 1.6264375 | CA8: 1.53954 | CB8: 1.4414975 | CC8: 1.3597275
A9: 2.4876707 | B9: =1.158*A9 -> 2.8807226 | C9: =1/A9 -> 0.40198247 | E9: 0 | F9: 0.00350825 | G9: -0.05021575 | H9: -0.007536 | I9: 0.01285175 | J9: 0.0030485 | K9: 0.01440725 | L9: 0.08008225 | M9: 0.0309895 | N9: 0.0379225 | O9: 0.13129775 | P9: 0.124305 | Q9: 0.0358115 | R9: -0.0021575 | S9: 0.01594 | T9: 0.0134925 | U9: -0.021355 | V9: 0.0716975 | W9: 0.0636875 | X9: 0.0506975 | Y9: 0.096695 | Z9: 0.1518825 | AA9: 0.07749 | AB9: 0.151815 | AC9: 0.2238375 | AD9: 0.26488 | AE9: 0.3228075 | AF9: 0.4128975 | AG9: 0.4058075 | AH9: 0.7617075 | AI9: 0.76068 | AJ9: 0.76149 | AK9: 1.1116925 | AL9: 1.064435 | AM9: 1.071925 | AN9: 1.1344375 | AO9: 1.2016625 | AP9: 1.2175325 | AQ9: 1.2185 | AR9: 1.29843 | AS9: 1.3690825 | AT9: 1.2284525 | AU9: 1.2374625 | AV9: 1.2520142 | AW9: 1.2537025 | AX9: 1.259615 | AY9: 1.3191217 | AZ9: 1.3274742 | BA9: 1.3381683 | BB9: 1.3810842 | BC9: 1.3961492 | BD9: 1.4260842 | BE9: 1.329235 | BF9: 1.3894883 | BG9: 1.3041508 | BH9: 1.3438908 | BI9: 1.4846925 | BJ9: 1.3445475 | BK9: 1.3544408 | BL9: 1.4104067 | BM9: 1.3536008 | BN9: 1.3723375 | BO9: 1.3851558 | BP9: 1.3825583 | BQ9: 1.45208 | BR9: 1.4894592 | BS9: 1.4198767 | BT9: 1.4593425 | BU9: 1.4660767 | BV9: 1.5072883 | BW9: 1.5173292 | BX9: 1.5922983 | BY9: 1.55176 | BZ9: 1.6025025 | CA9: 1.5137758 | CB9: 1.4202058 | CC9: 1.3325933
A10: 2.4013149 | B10: =1.158*A10 -> 2.7807226 | C10: =1/A10 -> 0.41643851 | E10: 0 | F10: -0.0014275 | G10: -0.05543025 | H10: -0.0064975 | I10: 0.0063025 | J10: -0.0023235 | K10: 0.00517025 | L10: 0.07551075 | M10: 0.028445 | N10: 0.03461325 | O10: 0.1278375 | P10: 0.12737 | Q10: 0.03261475 | R10: -0.012415 | S10: 0.0070125 | T10: 0.0060875 | U10: -0.027045 | V10: 0.0634575 | W10: 0.0564025 | X10: 0.038655 | Y10: 0.061525 | Z10: 0.120795 | AA10: 0.041645 | AB10: 0.0846525 | AC10: 0.156655 | AD10: 0.2012825 | AE10: 0.1708675 | AF10: 0.2569275 | AG10: 0.250635 | AH10: 0.5985475 | AI10: 0.601855 | AJ10: 0.600115 | AK10: 1.0051125 | AL10: 0.955095 | AM10: 0.9659275 | AN10: 1.0364375 | AO10: 1.1109625 | AP10: 1.151475 | AQ10: 1.1547025 | AR10: 1.244765 | AS10: 1.320625 | AT10: 1.1982625 | AU10: 1.208145 | AV10: 1.3178525 | AW10: 1.34684 | AX10: 1.3657975 | AY10: 1.45878 | AZ10: 1.4631 | BA10: 1.4778025 | BB10: 1.527415 | BC10: 1.603145 | BD10: 1.6747375 | BE10: 1.5992625 | BF10: 1.670125 | BG10: 1.58712 | BH10: 1.63695 | BI10: 1.78571 | BJ10: 1.6518475 | BK10: 1.6327158 | BL10: 1.7007742 | BM10: 1.6555208 | BN10: 1.7025375 | BO10: 1.7141975 | BP10: 1.7188 | BQ10: 1.7006675 | BR10: 1.744195 | BS10: 1.6732275 | BT10: 1.71936 | BU10: 1.74016 | BV10: 1.78752 | BW10: 1.80329 | BX10: 1.8757575 | BY10: 1.4002075 | BZ10: 1.448595 | CA10: 1.361565 | CB10: 1.273925 | CC10: 1.1916475
A11: 2.3149591 | B11: =1.158*A11 -> 2.6807226 | C11: =1/A11 -> 0.43197307 | E11: 0 | F11: -0.0056995 | G11: -0.0756105 | H11: -0.011713 | I11: -0.006935 | J11: -0.01298075 | K11: -0.00487575 | L11: 0.07090125 | M11: 0.02245125 | N11: 0.03254 | O11: 0.121485 | P11: 0.1196375 | Q11: 0.022835 | R11: -0.02068 | S11: -0.000395 | T11: 0.003345 | U11: -0.03965 | V11: 0.051855 | W11: 0.04594 | X11: 0.0284175 | Y11: 0.04781 | Z11: 0.1096 | AA11: 0.029195 | AB11: 0.053765 | AC11: 0.12779 | AD11: 0.1764125 | AE11: 0.109905 | AF11: 0.195925 | AG11: 0.1907175 | AH11: 0.533355 | AI11: 0.5349975 | AJ11: 0.5318575 | AK11: 0.9665975 | AL11: 0.92096 | AM11: 0.9312575 | AN11: 1.007005 | AO11: 1.0861675 | AP11: 1.1307275 | AQ11: 1.13354 | AR11: 1.2302525 | AS11: 1.310035 | AT11: 1.185725 | AU11: 1.1941825 | AV11: 1.315505 | AW11: 1.34509 | AX11: 1.36477 | AY11: 1.4655675 | AZ11: 1.469575 | BA11: 1.4818975 | BB11: 1.5312175 | BC11: 1.61271 | BD11: 1.6852825 | BE11: 1.6132825 | BF11: 1.6847625 | BG11: 1.60353 | BH11: 1.6499217 | BI11: 1.802415 | BJ11: 1.6615108 | BK11: 1.6789758 | BL11: 1.7520058 | BM11: 1.7091392 | BN11: 1.758675 | BO11: 1.7688467 | BP11: 1.77832 | BQ11: 1.9070942 | BR11: 1.9519108 | BS11: 1.8777767 | BT11: 1.9274792 | BU11: 1.9505358 | BV11: 2.0012275 | BW11: 2.0074283 | BX11: 2.08781 | BY11: 2.041825 | BZ11: 2.0910183 | CA11: 1.980765 | CB11: 1.8305933 | CC11: 1.7695192
A12: 2.2286033 | B12: =1.158*A12 -> 2.5807226 | C12: =1/A12 -> 0.44871153 | E12: 0 | F12: -0.0047145 | G12: -0.08827475 | H12: -0.011342 | I12: -0.01005725 | J12: -0.01250025 | K12: -0.01222325 | L12: 0.071864 | M12: 0.02160125 | N12: 0.02797975 | O12: 0.1193025 | P12: 0.1203925 | Q12: 0.01987 | R12: -0.0265675 | S12: -0.00386 | T12: 0.0041675 | U12: -0.04869 | V12: 0.045885 | W12: 0.0412525 | X12: 0.0194475 | Y12: 0.03284 | Z12: 0.099995 | AA12: 0.018195 | AB12: 0.0242625 | AC12: 0.10037 | AD12: 0.151745 | AE12: 0.0455375 | AF12: 0.128795 | AG12: 0.1299 | AH12: 0.4706225 | AI12: 0.4704625 | AJ12: 0.4718 | AK12: 0.89388 | AL12: 0.847115 | AM12: 0.856 | AN12: 0.9283625 | AO12: 1.007985 | AP12: 1.058875 | AQ12: 1.06559 | AR12: 1.1705775 | AS12: 1.250745 | AT12: 1.12817 | AU12: 1.137345 | AV12: 1.2832125 | AW12: 1.337505 | AX12: 1.35841 | AY12: 1.4760825 | AZ12: 1.47872 | BA12: 1.491345 | BB12: 1.547795 | BC12: 1.6388525 | BD12: 1.76743 | BE12: 1.7092892 | BF12: 1.79632 | BG12: 1.7105217 | BH12: 1.7746683 | BI12: 1.9352442 | BJ12: 1.8007542 | BK12: 1.8231175 | BL12: 1.8945333 | BM12: 1.8499133 | BN12: 1.8955817 | BO12: 1.9025483 | BP12: 1.9180675 | BQ12: 2.0359283 | BR12: 2.0811783 | BS12: 2.0106258 | BT12: 2.0574592 | BU12: 1.9661725 | BV12: 2.0169075 | BW12: 2.029715 | BX12: 2.1107525 | BY12: 2.0689325 | BZ12: 2.1228 | CA12: 2.020795 | CB12: 2.0207425 | CC12: 2.001265
A13: 2.1422475 | B13: =1.158*A13 -> 2.4807226 | C13: =1/A13 -> 0.46679946 | E13: 0 | F13: -0.010053 | G13: -0.0922955 | H13: -0.0261995 | I13: -0.01528125 | J13: -0.019455 | K13: -0.01859875 | L13: 0.06321 | M13: 0.014596 | N13: 0.01989 | O13: 0.117735 | P13: 0.1200125 | Q13: 0.01215 | R13: -0.03618 | S13: -0.0174575 | T13: -0.0171475 | U13: -0.0585775 | V13: 0.0360475 | W13: 0.035705 | X13: 0.0047475 | Y13: 0.010985 | Z13: 0.0871975 | AA13: 0.0012325 | AB13: -0.0009525 | AC13: 0.0839075 | AD13: 0.130195 | AE13: -0.002325 | AF13: 0.08336 | AG13: 0.0855375 | AH13: 0.420855 | AI13: 0.4214525 | AJ13: 0.420825 | AK13: 0.8395675 | AL13: 0.7887725 | AM13: 0.79624 | AN13: 0.870525 | AO13: 0.9490525 | AP13: 0.9933425 | AQ13: 1.00076 | AR13: 1.1161275 | AS13: 1.192145 | AT13: 1.06832 | AU13: 1.078175 | AV13: 1.23866 | AW13: 1.30304 | AX13: 1.3247375 | AY13: 1.437745 | AZ13: 1.44083 | BA13: 1.4525025 | BB13: 1.5047675 | BC13: 1.607935 | BD13: 1.731495 | BE13: 1.68891 | BF13: 1.78872 | BG13: 1.7075 | BH13: 1.7773525 | BI13: 1.942515 | BJ13: 1.81367 | BK13: 1.8379875 | BL13: 1.9136775 | BM13: 1.8690175 | BN13: 1.9133275 | BO13: 1.920185 | BP13: 1.9333475 | BQ13: 1.9988258 | BR13: 2.0486917 | BS13: 1.9767933 | BT13: 2.0190617 | BU13: 2.052055 | BV13: 2.1063292 | BW13: 2.1259933 | BX13: 2.2093267 | BY13: 2.1811025 | BZ13: 2.2430308 | CA13: 2.1525392 | CB13: 2.3635475 | CC13: 2.3345325
A14: 2.0558917 | B14: =1.158*A14 -> 2.3807226 | C14: =1/A14 -> 0.48640693 | E14: 0 | F14: -0.013912 | G14: -0.096193 | H14: -0.0306895 | I14: -0.0252225 | J14: -0.02747875 | K14: -0.027074 | L14: 0.05872 | M14: 0.0088985 | N14: 0.015362 | O14: 0.11755 | P14: 0.1224625 | Q14: 0.0060875 | R14: -0.043305 | S14: -0.0312325 | T14: -0.018085 | U14: -0.06732 | V14: 0.029915 | W14: 0.0309825 | X14: -0.0084225 | Y14: -0.00116 | Z14: 0.077835 | AA14: -0.012585 | AB14: -0.0164075 | AC14: 0.071185 | AD14: 0.1211075 | AE14: -0.0215175 | AF14: 0.064675 | AG14: 0.07162 | AH14: 0.2474675 | AI14: 0.2473925 | AJ14: 0.24407 | AK14: 0.6114975 | AL14: 0.558655 | AM14: 0.56697 | AN14: 0.615865 | AO14: 0.6964875 | AP14: 0.70991 | AQ14: 0.7102375 | AR14: 0.83619 | AS14: 0.8980075 | AT14: 0.7719825 | AU14: 0.78392 | AV14: 0.9555225 | AW14: 1.022075 | AX14: 1.035 | AY14: 1.1517075 | AZ14: 1.154525 | BA14: 1.1683775 | BB14: 1.220035 | BC14: 1.322565 | BD14: 1.444895 | BE14: 1.3906525 | BF14: 1.498705 | BG14: 1.40264 | BH14: 1.478875 | BI14: 1.6558275 | BJ14: 1.51295 | BK14: 1.5373725 | BL14: 1.6145625 | BM14: 1.565535 | BN14: 1.60661 | BO14: 1.611125 | BP14: 1.6228375 | BQ14: 1.704135 | BR14: 1.75415 | BS14: 1.6828525 | BT14: 1.7162025 | BU14: 1.745465 | BV14: 1.796905 | BW14: 1.81484 | BX14: 1.89991 | BY14: 1.8644875 | BZ14: 1.933945 | CA14: 1.8285325 | CB14: 1.9400975 | CC14: 1.99452
... A17: 1.7968244 | B17: =1.158*A17 -> 2.0807226 | C17: =1/A17 -> 0.55653741 | E17: 0 | F17: -0.01883225 | G17: -0.153209 | H17: -0.0449365 | I17: -0.04183475 | J17: -0.0401785 | K17: -0.0484795 | L17: 0.0705275 | M17: 0.00825 | N17: 0.00494875 | O17: 0.142445 | P17: 0.156015 | Q17: -0.0060325 | R17: -0.0650725 | S17: -0.0348475 | T17: -0.0316375 | U17: -0.0978475 | V17: 0.0353975 | W17: 0.04025 | X17: -0.021675 | Y17: -0.0339325 | Z17: 0.0872025 | AA17: -0.05155 | AB17: -0.0467125 | AC17: 0.07727 | AD17: 0.1519 | AE17: -0.0718325 | AF17: 0.0460275 | AG17: 0.0590475 | AH17: -0.0409175 | AI17: -0.039195 | AJ17: -0.0397175 | AK17: 0.18515 | AL17: 0.10688 | AM17: 0.1153475 | AN17: 0.1415675 | AO17: 0.21818 | AP17: 0.1515275 | AQ17: 0.1485725 | AR17: 0.33462 | AS17: 0.3512775 | AT17: 0.148015 | AU17: 0.152965 | AV17: 0.3652575 | AW17: 0.4465075 | AX17: 0.4172125 | AY17: 0.4813675 | AZ17: 0.483325 | BA17: 0.5027225 | BB17: 0.52082 | BC17: 0.575865 | BD17: 0.671025 | BE17: 0.5666375 | BF17: 0.69671 | BG17: 0.55527 | BH17: 0.645095 | BI17: 0.88839 | BJ17: 0.6744775 | BK17: 0.709365 | BL17: 0.8074425 | BM17: 0.722145 | BN17: 0.7422725 | BO17: 0.744935 | BP17: 0.7523725 | BQ17: 1.2418075 | BR17: 1.31691 | BS17: 1.21506 | BT17: 1.2446 | BU17: 1.274215 | BV17: 1.33907 | BW17: 1.35768 | BX17: 1.4782275 | BY17: 1.4181975 | BZ17: 1.52108 | CA17: 1.363645 | CB17: 1.526915 | CC17: 1.6044575
D24: =D1 -> P [kN] | E24: =MAX($E1:E1) -> 0 | F24: =MAX($E1:F1) -> 49 | G24: =MAX($E1:G1) -> 51 | H24: =MAX($E1:H1) -> 51 | I24: =MAX($E1:I1) -> 100 | J24: =MAX($E1:J1) -> 100 | K24: =MAX($E1:K1) -> 100 | L24: =MAX($E1:L1) -> 125 | ... CC24: =MAX($E1:CC1) -> 269
A25: =A2 -> M/(Vd) | B25: =B2 -> x | C25: =C2 -> Vd/M | D25: =D2 -> V [kN] | E25: =MAX($E2:E2) -> 30 | F25: =MAX($E2:F2) -> 57.222222 | G25: =MAX($E2:G2) -> 58.333334 | H25: =MAX($E2:H2) -> 58.333334 | I25: =MAX($E2:I2) -> 85.555556 | J25: =MAX($E2:J2) -> 85.555556 | K25: =MAX($E2:K2) -> 85.555556 | L25: =MAX($E2:L2) -> 99.444445 | ... CC25: =MAX($E2:CC2) -> 179.44445
A26: =A3 -> 3.0058054 | B26: =B3 -> 3.4807226 | C26: =C3 -> 0.33268954 | E26: =MAX($E3:E3) -> 0 | F26: =MAX($E3:F3) -> 0.02865725 | G26: =MAX($E3:G3) -> 0.02865725 | H26: =MAX($E3:H3) -> 0.02865725 | I26: =MAX($E3:I3) -> 0.03015325 | J26: =MAX($E3:J3) -> 0.03015325 | K26: =MAX($E3:K3) -> 0.03015325 | L26: =MAX($E3:L3) -> 0.10399875 | ... CC26: =MAX($E3:CC3) -> 2.2161325
A27: =A4 -> 2.9194496 | B27: =B4 -> 3.3807226 | C27: =C4 -> 0.34253032 | E27: =MAX($E4:E4) -> 0 | F27: =MAX($E4:F4) -> 0.02208275 | G27: =MAX($E4:G4) -> 0.02208275 | H27: =MAX($E4:H4) -> 0.02208275 | I27: =MAX($E4:I4) -> 0.0271195 | J27: =MAX($E4:J4) -> 0.0271195 | K27: =MAX($E4:K4) -> 0.0271195 | L27: =MAX($E4:L4) -> 0.0950115 | ... CC27: =MAX($E4:CC4) -> 1.910445
A28: =A5 -> 2.8330938 | B28: =B5 -> 3.2807226 | C28: =C5 -> 0.35297101 | E28: =MAX($E5:E5) -> 0 | F28: =MAX($E5:F5) -> 0.01837825 | G28: =MAX($E5:G5) -> 0.01837825 | H28: =MAX($E5:H5) -> 0.01837825 | I28: =MAX($E5:I5) -> 0.02372575 | J28: =MAX($E5:J5) -> 0.02372575 | K28: =MAX($E5:K5) -> 0.02372575 | L28: =MAX($E5:L5) -> 0.0896355 | ... CC28: =MAX($E5:CC5) -> 1.6857725
A29: =A6 -> 2.746738 | B29: =B6 -> 3.1807226 | C29: =C6 -> 0.36406821 | E29: =MAX($E6:E6) -> 0 | F29: =MAX($E6:F6) -> 0.0118995 | G29: =MAX($E6:G6) -> 0.0118995 | H29: =MAX($E6:H6) -> 0.0118995 | I29: =MAX($E6:I6) -> 0.02144025 | J29: =MAX($E6:J6) -> 0.02144025 | K29: =MAX($E6:K6) -> 0.02144025 | L29: =MAX($E6:L6) -> 0.0855635 | ... CC29: =MAX($E6:CC6) -> 1.6054
A30: =A7 -> 2.6603822 | B30: =B7 -> 3.0807226 | C30: =C7 -> 0.37588583 | E30: =MAX($E7:E7) -> 0 | F30: =MAX($E7:F7) -> 0.013046 | G30: =MAX($E7:G7) -> 0.013046 | H30: =MAX($E7:H7) -> 0.013046 | I30: =MAX($E7:I7) -> 0.018722 | J30: =MAX($E7:J7) -> 0.018722 | K30: =MAX($E7:K7) -> 0.018722 | L30: =MAX($E7:L7) -> 0.08426275 | ... CC30: =MAX($E7:CC7) -> 1.712835
A31: =A8 -> 2.5740265 | B31: =B8 -> 2.9807226 | C31: =C8 -> 0.38849639 | E31: =MAX($E8:E8) -> 0 | F31: =MAX($E8:F8) -> 0.01084225 | G31: =MAX($E8:G8) -> 0.01084225 | H31: =MAX($E8:H8) -> 0.01084225 | I31: =MAX($E8:I8) -> 0.013868 | J31: =MAX($E8:J8) -> 0.013868 | K31: =MAX($E8:K8) -> 0.013868 | L31: =MAX($E8:L8) -> 0.08132725 | ... CC31: =MAX($E8:CC8) -> 1.6264375
A32: =A9 -> 2.4876707 | B32: =B9 -> 2.8807226 | C32: =C9 -> 0.40198247 | E32: =MAX($E9:E9) -> 0 | F32: =MAX($E9:F9) -> 0.00350825 | G32: =MAX($E9:G9) -> 0.00350825 | H32: =MAX($E9:H9) -> 0.00350825 | I32: =MAX($E9:I9) -> 0.01285175 | J32: =MAX($E9:J9) -> 0.01285175 | K32: =MAX($E9:K9) -> 0.01440725 | L32: =MAX($E9:L9) -> 0.08008225 | ... CC32: =MAX($E9:CC9) -> 1.6025025
A33: =A10 -> 2.4013149 | B33: =B10 -> 2.7807226 | C33: =C10 -> 0.41643851 | E33: =MAX($E10:E10) -> 0 | F33: =MAX($E10:F10) -> 0 | G33: =MAX($E10:G10) -> 0 | H33: =MAX($E10:H10) -> 0 | I33: =MAX($E10:I10) -> 0.0063025 | J33: =MAX($E10:J10) -> 0.0063025 | K33: =MAX($E10:K10) -> 0.0063025 | L33: =MAX($E10:L10) -> 0.07551075 | ... CC33: =MAX($E10:CC10) -> 1.8757575
A34: =A11 -> 2.3149591 | B34: =B11 -> 2.6807226 | C34: =C11 -> 0.43197307 | E34: =MAX($E11:E11) -> 0 | F34: =MAX($E11:F11) -> 0 | G34: =MAX($E11:G11) -> 0 | H34: =MAX($E11:H11) -> 0 | I34: =MAX($E11:I11) -> 0 | J34: =MAX($E11:J11) -> 0 | K34: =MAX($E11:K11) -> 0 | L34: =MAX($E11:L11) -> 0.07090125 | ... CC34: =MAX($E11:CC11) -> 2.0910183
A35: =A12 -> 2.2286033 | B35: =B12 -> 2.5807226 | C35: =C12 -> 0.44871153 | E35: =MAX($E12:E12) -> 0 | F35: =MAX($E12:F12) -> 0 | G35: =MAX($E12:G12) -> 0 | H35: =MAX($E12:H12) -> 0 | I35: =MAX($E12:I12) -> 0 | J35: =MAX($E12:J12) -> 0 | K35: =MAX($E12:K12) -> 0 | L35: =MAX($E12:L12) -> 0.071864 | ... CC35: =MAX($E12:CC12) -> 2.1228
A36: =A13 -> 2.1422475 | B36: =B13 -> 2.4807226 | C36: =C13 -> 0.46679946 | E36: =MAX($E13:E13) -> 0 | F36: =MAX($E13:F13) -> 0 | G36: =MAX($E13:G13) -> 0 | H36: =MAX($E13:H13) -> 0 | I36: =MAX($E13:I13) -> 0 | J36: =MAX($E13:J13) -> 0 | K36: =MAX($E13:K13) -> 0 | L36: =MAX($E13:L13) -> 0.06321 | ... CC36: =MAX($E13:CC13) -> 2.3635475
A37: =A14 -> 2.0558917 | B37: =B14 -> 2.3807226 | C37: =C14 -> 0.48640693 | E37: =MAX($E14:E14) -> 0 | F37: =MAX($E14:F14) -> 0 | G37: =MAX($E14:G14) -> 0 | H37: =MAX($E14:H14) -> 0 | I37: =MAX($E14:I14) -> 0 | J37: =MAX($E14:J14) -> 0 | K37: =MAX($E14:K14) -> 0 | L37: =MAX($E14:L14) -> 0.05872 | ... CC37: =MAX($E14:CC14) -> 1.99452
... A40: =A17 -> 1.7968244 | B40: =B17 -> 2.0807226 | C40: =C17 -> 0.55653741 | E40: =MAX($E17:E17) -> 0 | F40: =MAX($E17:F17) -> 0 | G40: =MAX($E17:G17) -> 0 | H40: =MAX($E17:H17) -> 0 | I40: =MAX($E17:I17) -> 0 | J40: =MAX($E17:J17) -> 0 | K40: =MAX($E17:K17) -> 0 | L40: =MAX($E17:L17) -> 0.0705275 | ... CC40: =MAX($E17:CC17) -> 1.6044575
D47: w_max | E47: =MAX(E26:E45) -> 0 | F47: =MAX(F26:F45) -> 0.02865725 | G47: =MAX(G26:G45) -> 0.02865725 | H47: =MAX(H26:H45) -> 0.02865725 | I47: =MAX(I26:I45) -> 0.03015325 | J47: =MAX(J26:J45) -> 0.03015325 | K47: =MAX(K26:K45) -> 0.03015325 | L47: =MAX(L26:L45) -> 0.10399875 | ... CC47: =MAX(CC26:CC45) -> 2.3635475 | CD47: 10
D48: w_max,w | E48: {=MAX($C26:$C45*E26:E45)} -> 0 | F48: {=MAX($C26:$C45*F26:F45)} -> 0.0095339672 | G48: {=MAX($C26:$C45*G26:G45)} -> 0.0095339672 | H48: {=MAX($C26:$C45*H26:H45)} -> 0.0095339672 | I48: {=MAX($C26:$C45*I26:I45)} -> 0.010031671 | J48: {=MAX($C26:$C45*J26:J45)} -> 0.010031671 | K48: {=MAX($C26:$C45*K26:K45)} -> 0.010031671 | L48: {=MAX($C26:$C45*L26:L45)} -> 0.039251192 | ... CC48: {=MAX($C26:$C45*CC26:CC45)} -> 1.1033027 | CD48: 10
D49: V_u/V | E49: =MAX($E25:$CC25)/E25 -> 5.9814815 | F49: =MAX($E25:$CC25)/F25 -> 3.1359223 | G49: =MAX($E25:$CC25)/G25 -> 3.0761905 | H49: =MAX($E25:$CC25)/H25 -> 3.0761905 | I49: =MAX($E25:$CC25)/I25 -> 2.0974026 | J49: =MAX($E25:$CC25)/J25 -> 2.0974026 | K49: =MAX($E25:$CC25)/K25 -> 2.0974026 | L49: =MAX($E25:$CC25)/L25 -> 1.8044693 | ... CC49: =MAX($E25:$CC25)/CC25 -> 1 | CD49: 1
D50: V/V_u | E50: =E25/MAX($E25:$CC25) -> 0.16718266 | F50: =F25/MAX($E25:$CC25) -> 0.31888545 | G50: =G25/MAX($E25:$CC25) -> 0.3250774 | H50: =H25/MAX($E25:$CC25) -> 0.3250774 | I50: =I25/MAX($E25:$CC25) -> 0.47678019 | J50: =J25/MAX($E25:$CC25) -> 0.47678019 | K50: =K25/MAX($E25:$CC25) -> 0.47678019 | L50: =L25/MAX($E25:$CC25) -> 0.55417957 | ... CC50: =CC25/MAX($E25:$CC25) -> 1

Sheet H602
D1: P [kN] | E1: 0 | F1: 0 | G1: 0 | H1: 49 | I1: 49 | J1: 49 | K1: 100 | L1: 100 | M1: 100 | N1: 92 | O1: 92 | P1: 92 | Q1: 133 | R1: 134 | S1: 134 | T1: 133 | U1: 132 | V1: 132 | W1: 152 | X1: 152 | Y1: 152 | Z1: 174 | AA1: 174 | AB1: 174 | AC1: 200 | AD1: 200 | AE1: 200 | AF1: 225 | AG1: 225 | AH1: 225 | AI1: 247 | AJ1: 247 | AK1: 247 | AL1: 275 | AM1: 275 | AN1: 275 | AO1: 290 | AP1: 290 | AQ1: 289 | AR1: 297 | AS1: 296 | AT1: 297 | AU1: 296 | AV1: 298 | AW1: 297 | AX1: 295 | AY1: 297 | AZ1: 297 | BA1: 300 | BB1: 300 | BC1: 300 | BD1: 304 | BE1: 305 | BF1: 306 | BG1: 305 | BH1: 305 | BI1: 304
A2: M/(Vd) | B2: x | C2: Vd/M | D2: V [kN] | E2: =30+E1/2 -> 30 | F2: =30+F1/2 -> 30 | G2: =30+G1/2 -> 30 | H2: =30+H1/2 -> 54.5 | I2: =30+I1/2 -> 54.5 | J2: =30+J1/2 -> 54.5 | K2: =30+K1/2 -> 80 | L2: =30+L1/2 -> 80 | ... BI2: =30+BI1/2 -> 182
A3: 3.3132988 | B3: =1.158*A3 -> 3.8368 | C3: =1/A3 -> 0.30181401 | E3: 0 | F3: 0.0025575082 | G3: -0.001386402 | H3: 0.0291595 | I3: 0.01823275 | J3: 0.033912 | K3: 0.0359395 | L3: 0.0476905 | M3: 0.04351375 | N3: 0.08888775 | O3: 0.08297825 | P3: 0.0856845 | Q3: 0.296492 | R3: 0.309214 | S3: 0.29514775 | T3: 0.576925 | U3: 0.5920005 | V3: 0.58467975 | W3: 0.93832475 | X3: 0.950664 | Y3: 0.952465 | Z3: 1.0443677 | AA3: 1.0347495 | AB3: 1.0350317 | AC3: 1.179218 | AD3: 1.182072 | AE3: 1.181505 | AF3: 1.3597525 | AG3: 1.3488075 | AH3: 1.354925 | AI3: 1.5193175 | AJ3: 1.5223225 | AK3: 1.5217375 | AL3: 1.7078225 | AM3: 1.701475 | AN3: 1.710475 | AO3: 1.8260425 | AP3: 1.81879 | AQ3: 1.8081625 | AR3: 1.8754325 | AS3: 1.876545 | AT3: 1.8824575 | AU3: 1.8761625 | AV3: 1.88184 | AW3: 1.8777325 | AX3: 1.87892 | AY3: 1.8777625 | AZ3: 1.8802 | BA3: 1.89441 | BB3: 1.89565 | BC3: 1.8910375 | BD3: 1.92922 | BE3: 1.9331325 | BF3: 1.9150175 | BG3: 1.9151825 | BH3: 1.8840975 | BI3: 1.894175
A4: 3.226943 | B4: =1.158*A4 -> 3.7368 | C4: =1/A4 -> 0.30989082 | E4: 0 | F4: 0.0023310575 | G4: -0.0025883 | H4: 0.02695325 | I4: 0.01745475 | J4: 0.028552 | K4: 0.0386835 | L4: 0.04697125 | M4: 0.0443475 | N4: 0.08426775 | O4: 0.07897775 | P4: 0.080642 | Q4: 0.2802235 | R4: 0.29245975 | S4: 0.28145025 | T4: 0.56185575 | U4: 0.57473275 | V4: 0.5682585 | W4: 0.92202425 | X4: 0.92862875 | Y4: 0.93181 | Z4: 1.0187177 | AA4: 1.0136087 | AB4: 1.0131265 | AC4: 1.1531565 | AD4: 1.1553558 | AE4: 1.151949 | AF4: 1.3251925 | AG4: 1.3188275 | AH4: 1.3236625 | AI4: 1.485265 | AJ4: 1.48989 | AK4: 1.4901825 | AL4: 1.66747 | AM4: 1.6672025 | AN4: 1.6749625 | AO4: 1.7830925 | AP4: 1.78148 | AQ4: 1.77443 | AR4: 1.841335 | AS4: 1.841255 | AT4: 1.8451375 | AU4: 1.8406125 | AV4: 1.8423875 | AW4: 1.8410175 | AX4: 1.8408675 | AY4: 1.8439775 | AZ4: 1.845645 | BA4: 1.8618425 | BB4: 1.8616875 | BC4: 1.8580125 | BD4: 1.89243 | BE4: 1.8981375 | BF4: 1.8823425 | BG4: 1.8807 | BH4: 1.852795 | BI4: 1.8717475
A5: 3.1405872 | B5: =1.158*A5 -> 3.6368 | C5: =1/A5 -> 0.31841179 | E5: 0 | F5: 0.0067694428 | G5: 0.00444634 | H5: 0.02611575 | I5: 0.01866425 | J5: 0.02669375 | K5: 0.0381065 | L5: 0.04349125 | M5: 0.04241075 | N5: 0.0752325 | O5: 0.0700515 | P5: 0.07245625 | Q5: 0.17529925 | R5: 0.1837355 | S5: 0.175014 | T5: 0.43191575 | U5: 0.44183525 | V5: 0.43618725 | W5: 0.772105 | X5: 0.77712675 | Y5: 0.78284075 | Z5: 0.852889 | AA5: 0.851288 | AB5: 0.84914675 | AC5: 0.96924125 | AD5: 0.968145 | AE5: 0.96574525 | AF5: 1.113605 | AG5: 1.1153525 | AH5: 1.116465 | AI5: 1.253195 | AJ5: 1.2562475 | AK5: 1.2593275 | AL5: 1.404925 | AM5: 1.40987 | AN5: 1.4157025 | AO5: 1.5083025 | AP5: 1.512405 | AQ5: 1.5064225 | AR5: 1.5660075 | AS5: 1.5654575 | AT5: 1.572115 | AU5: 1.5668925 | AV5: 1.5646075 | AW5: 1.5659825 | AX5: 1.5646375 | AY5: 1.5681075 | AZ5: 1.5697375 | BA5: 1.5869575 | BB5: 1.584955 | BC5: 1.58146 | BD5: 1.609375 | BE5: 1.615545 | BF5: 1.599845 | BG5: 1.605185 | BH5: 1.5774475 | BI5: 1.613115
A6: 3.0542314 | B6: =1.158*A6 -> 3.5368 | C6: =1/A6 -> 0.32741461 | E6: 0 | F6: 0.006158029 | G6: 0.0085223575 | H6: 0.02789075 | I6: 0.02046575 | J6: 0.0285605 | K6: 0.04355175 | L6: 0.04485375 | M6: 0.04299625 | N6: 0.077618 | O6: 0.06834225 | P6: 0.07555625 | Q6: 0.1178925 | R6: 0.1240395 | S6: 0.11596875 | T6: 0.357045 | U6: 0.366228 | V6: 0.3593205 | W6: 0.696839 | X6: 0.704047 | Y6: 0.70993725 | Z6: 0.78378675 | AA6: 0.7844515 | AB6: 0.780275 | AC6: 0.9058175 | AD6: 0.89772 | AE6: 0.900135 | AF6: 1.0348625 | AG6: 1.039495 | AH6: 1.03954 | AI6: 1.16459 | AJ6: 1.1676675 | AK6: 1.1727475 | AL6: 1.2985925 | AM6: 1.309825 | AN6: 1.31267 | AO6: 1.3933275 | AP6: 1.40352 | AQ6: 1.3958675 | AR6: 1.45492 | AS6: 1.45168 | AT6: 1.45978 | AU6: 1.4522925 | AV6: 1.44996 | AW6: 1.4509625 | AX6: 1.448515 | AY6: 1.454295 | AZ6: 1.4537675 | BA6: 1.47302 | BB6: 1.46977 | BC6: 1.465155 | BD6: 1.4903525 | BE6: 1.4983225 | BF6: 1.482145 | BG6: 1.4924725 | BH6: 1.4620925 | BI6: 1.5109575
A7: 2.9678756 | B7: =1.158*A7 -> 3.4368 | C7: =1/A7 -> 0.33694134 | E7: 0 | F7: 0.013442424 | G7: 0.011374548 | H7: 0.03193975 | I7: 0.02233775 | J7: 0.02875725 | K7: 0.04358875 | L7: 0.042684 | M7: 0.04034125 | N7: 0.07778125 | O7: 0.0651505 | P7: 0.07677925 | Q7: 0.0978445 | R7: 0.10110675 | S7: 0.0967305 | T7: 0.327721 | U7: 0.33593475 | V7: 0.3299275 | W7: 0.77409175 | X7: 0.7882495 | Y7: 0.797001 | Z7: 0.914329 | AA7: 0.9151525 | AB7: 0.9117645 | AC7: 1.0696875 | AD7: 1.056995 | AE7: 1.0626775 | AF7: 1.2224825 | AG7: 1.2284975 | AH7: 1.227565 | AI7: 1.3726275 | AJ7: 1.3753875 | AK7: 1.38316 | AL7: 1.525165 | AM7: 1.5375125 | AN7: 1.5402925 | AO7: 1.63045 | AP7: 1.6460925 | AQ7: 1.6354125 | AR7: 1.7017925 | AS7: 1.695585 | AT7: 1.70853 | AU7: 1.69772 | AV7: 1.6976925 | AW7: 1.6966475 | AX7: 1.696115 | AY7: 1.701755 | AZ7: 1.7015275 | BA7: 1.72575 | BB7: 1.723175 | BC7: 1.7158825 | BD7: 1.7417825 | BE7: 1.7494175 | BF7: 1.7318275 | BG7: 1.7494875 | BH7: 1.7109275 | BI7: 1.7650475
A8: 2.8815199 | B8: =1.158*A8 -> 3.3368 | C8: =1/A8 -> 0.34703908 | E8: 0 | F8: 0.019465985 | G8: 0.017807587 | H8: 0.035953 | I8: 0.0216235 | J8: 0.0288895 | K8: 0.044934 | L8: 0.04215175 | M8: 0.0390915 | N8: 0.07711775 | O8: 0.0609055 | P8: 0.07650525 | Q8: 0.08994 | R8: 0.09054725 | S8: 0.089323 | T8: 0.299564 | U8: 0.3078925 | V8: 0.302645 | W8: 0.8022415 | X8: 0.8195795 | Y8: 0.833292 | Z8: 0.97329525 | AA8: 0.9742695 | AB8: 0.96970825 | AC8: 1.1432 | AD8: 1.1228325 | AE8: 1.1303275 | AF8: 1.296505 | AG8: 1.30714 | AH8: 1.3033475 | AI8: 1.4519775 | AJ8: 1.45586 | AK8: 1.464995 | AL8: 1.6084925 | AM8: 1.6243075 | AN8: 1.6258425 | AO8: 1.7097925 | AP8: 1.732105 | AQ8: 1.7203525 | AR8: 1.78906 | AS8: 1.7797925 | AT8: 1.797015 | AU8: 1.78215 | AV8: 1.782465 | AW8: 1.78112 | AX8: 1.7806225 | AY8: 1.7865475 | AZ8: 1.7834675 | BA8: 1.810515 | BB8: 1.807735 | BC8: 1.799125 | BD8: 1.823295 | BE8: 1.8324375 | BF8: 1.813245 | BG8: 1.8358675 | BH8: 1.792195 | BI8: 1.85494
A9: 2.7951641 | B9: =1.158*A9 -> 3.2368 | C9: =1/A9 -> 0.35776075 | E9: 0 | F9: 0.01627857 | G9: 0.021072245 | H9: 0.03486325 | I9: 0.01790675 | J9: 0.026335 | K9: 0.043141 | L9: 0.039934 | M9: 0.0361075 | N9: 0.07356325 | O9: 0.05433625 | P9: 0.07321675 | Q9: 0.08515525 | R9: 0.08449575 | S9: 0.0843725 | T9: 0.2246475 | U9: 0.23090475 | V9: 0.22348425 | W9: 0.665395 | X9: 0.68140375 | Y9: 0.6970225 | Z9: 0.86770225 | AA9: 0.86834325 | AB9: 0.86524825 | AC9: 1.04671 | AD9: 1.024095 | AE9: 1.03189 | AF9: 1.179345 | AG9: 1.19133 | AH9: 1.185775 | AI9: 1.32572 | AJ9: 1.3298875 | AK9: 1.3410325 | AL9: 1.4671225 | AM9: 1.4834375 | AN9: 1.4840525 | AO9: 1.56077 | AP9: 1.5862975 | AQ9: 1.5750825 | AR9: 1.641465 | AS9: 1.63148 | AT9: 1.6498275 | AU9: 1.6332525 | AV9: 1.63386 | AW9: 1.6325 | AX9: 1.63357 | AY9: 1.63799 | AZ9: 1.6361925 | BA9: 1.6665475 | BB9: 1.66286 | BC9: 1.6520975 | BD9: 1.670795 | BE9: 1.6805225 | BF9: 1.6640975 | BG9: 1.690355 | BH9: 1.6477275 | BI9: 1.72162
A10: 2.7088083 | B10: =1.158*A10 -> 3.1368 | C10: =1/A10 -> 0.36916603 | E10: 0 | F10: 0.015553255 | G10: 0.022641555 | H10: 0.036826 | I10: 0.01611125 | J10: 0.023534 | K10: 0.04467125 | L10: 0.040966 | M10: 0.03426975 | N10: 0.06841925 | O10: 0.0502415 | P10: 0.07110475 | Q10: 0.0800525 | R10: 0.0784825 | S10: 0.0790275 | T10: 0.1154325 | U10: 0.11628 | V10: 0.1092675 | W10: 0.452895 | X10: 0.4688775 | Y10: 0.4846575 | Z10: 0.676345 | AA10: 0.6794875 | AB10: 0.676625 | AC10: 0.909795 | AD10: 0.8827625 | AE10: 0.8939075 | AF10: 1.0531175 | AG10: 1.0679875 | AH10: 1.06047 | AI10: 1.201805 | AJ10: 1.205315 | AK10: 1.2183375 | AL10: 1.3273975 | AM10: 1.34518 | AN10: 1.3452625 | AO10: 1.4174875 | AP10: 1.445125 | AQ10: 1.432205 | AR10: 1.4968525 | AS10: 1.484235 | AT10: 1.5032075 | AU10: 1.485385 | AV10: 1.4889325 | AW10: 1.4871575 | AX10: 1.4892925 | AY10: 1.493985 | AZ10: 1.490675 | BA10: 1.52132 | BB10: 1.5175775 | BC10: 1.50607 | BD10: 1.5220425 | BE10: 1.531665 | BF10: 1.5156125 | BG10: 1.54453 | BH10: 1.5015275 | BI10: 1.5881975
A11: 2.6224525 | B11: =1.158*A11 -> 3.0368 | C11: =1/A11 -> 0.38132244 | E11: 0 | F11: 0.013257543 | G11: 0.021529125 | H11: 0.03121025 | I11: 0.01427175 | J11: 0.01704575 | K11: 0.04278075 | L11: 0.03711675 | M11: 0.03124675 | N11: 0.06042375 | O11: 0.04176 | P11: 0.0624405 | Q11: 0.071095 | R11: 0.0691425 | S11: 0.0713225 | T11: 0.0984525 | U11: 0.0949375 | V11: 0.0886225 | W11: 0.3391325 | X11: 0.351735 | Y11: 0.3687475 | Z11: 0.5514125 | AA11: 0.5572225 | AB11: 0.554065 | AC11: 0.7835775 | AD11: 0.7582925 | AE11: 0.767485 | AF11: 0.91487 | AG11: 0.9328875 | AH11: 0.9237075 | AI11: 1.05134 | AJ11: 1.0558225 | AK11: 1.069395 | AL11: 1.1569925 | AM11: 1.175955 | AN11: 1.17473 | AO11: 1.232595 | AP11: 1.2612475 | AQ11: 1.251845 | AR11: 1.311405 | AS11: 1.2993975 | AT11: 1.3159875 | AU11: 1.3005625 | AV11: 1.3037425 | AW11: 1.3010825 | AX11: 1.3048625 | AY11: 1.3074425 | AZ11: 1.3033625 | BA11: 1.3328825 | BB11: 1.32907 | BC11: 1.3182725 | BD11: 1.330585 | BE11: 1.341675 | BF11: 1.3260825 | BG11: 1.3536275 | BH11: 1.31554 | BI11: 1.41157
A12: 2.5360967 | B12: =1.158*A12 -> 2.9368 | C12: =1/A12 -> 0.39430673 | E12: 0 | F12: -0.000619755 | G12: 0.02282872 | H12: 0.02322925 | I12: 0.011615 | J12: 0.01179975 | K12: 0.038681 | L12: 0.0311275 | M12: 0.027413 | N12: 0.05172775 | O12: 0.03532775 | P12: 0.052627 | Q12: 0.06121 | R12: 0.058725 | S12: 0.061285 | T12: 0.08181 | U12: 0.0784575 | V12: 0.0710725 | W12: 0.2615625 | X12: 0.2715375 | Y12: 0.287215 | Z12: 0.460485 | AA12: 0.46719 | AB12: 0.4646275 | AC12: 0.7124175 | AD12: 0.6897825 | AE12: 0.6987525 | AF12: 0.8499825 | AG12: 0.87113 | AH12: 0.8638875 | AI12: 1.02798 | AJ12: 1.03259 | AK12: 1.0461175 | AL12: 1.1352 | AM12: 1.156425 | AN12: 1.15632 | AO12: 1.21275 | AP12: 1.2434175 | AQ12: 1.2341575 | AR12: 1.29341 | AS12: 1.2829625 | AT12: 1.2986575 | AU12: 1.283675 | AV12: 1.28397 | AW12: 1.2835175 | AX12: 1.2866425 | AY12: 1.2905675 | AZ12: 1.2864325 | BA12: 1.3138175 | BB12: 1.31157 | BC12: 1.3015425 | BD12: 1.312605 | BE12: 1.3232525 | BF12: 1.308325 | BG12: 1.335185 | BH12: 1.30253 | BI12: 1.3998675
A13: 2.4497409 | B13: =1.158*A13 -> 2.8368 | C13: =1/A13 -> 0.40820643 | E13: 0 | F13: 0.000350725 | G13: 0.020197743 | H13: 0.01640175 | I13: 0.00861325 | J13: 0.00822275 | K13: 0.03252025 | L13: 0.027381 | M13: 0.02169625 | N13: 0.04311425 | O13: 0.02924925 | P13: 0.044381 | Q13: 0.0498625 | R13: 0.04702 | S13: 0.05205 | T13: 0.07 | U13: 0.066675 | V13: 0.0591425 | W13: 0.2414775 | X13: 0.25299 | Y13: 0.2678175 | Z13: 0.441185 | AA13: 0.44784 | AB13: 0.44388 | AC13: 0.7256775 | AD13: 0.70217 | AE13: 0.7126775 | AF13: 0.8899 | AG13: 0.9064525 | AH13: 0.9013175 | AI13: 1.11465 | AJ13: 1.1189875 | AK13: 1.1299875 | AL13: 1.237805 | AM13: 1.2558925 | AN13: 1.255635 | AO13: 1.3166725 | AP13: 1.3427125 | AQ13: 1.3363575 | AR13: 1.3960875 | AS13: 1.3868875 | AT13: 1.40216 | AU13: 1.38974 | AV13: 1.3893275 | AW13: 1.38749 | AX13: 1.3923225 | AY13: 1.3954625 | AZ13: 1.39226 | BA13: 1.4181 | BB13: 1.4182875 | BC13: 1.408545 | BD13: 1.4204675 | BE13: 1.4315875 | BF13: 1.42026 | BG13: 1.4443475 | BH13: 1.4115 | BI13: 1.509805
A14: 2.3633851 | B14: =1.158*A14 -> 2.7368 | C14: =1/A14 -> 0.42312189 | E14: 0 | F14: 0.00039983275 | G14: 0.0141276 | H14: 0.01119325 | I14: 0.0092085 | J14: 0.00570175 | K14: 0.0256425 | L14: 0.02302375 | M14: 0.01729 | N14: 0.033272 | O14: 0.02517775 | P14: 0.03422 | Q14: 0.0411725 | R14: 0.0380175 | S14: 0.042905 | T14: 0.0601075 | U14: 0.0589025 | V14: 0.05112 | W14: 0.2367625 | X14: 0.24841 | Y14: 0.2588725 | Z14: 0.431075 | AA14: 0.4344975 | AB14: 0.43411 | AC14: 0.7043525 | AD14: 0.68657 | AE14: 0.695345 | AF14: 0.8696675 | AG14: 0.881335 | AH14: 0.8791075 | AI14: 1.140125 | AJ14: 1.1462 | AK14: 1.1566025 | AL14: 1.2993475 | AM14: 1.3138975 | AN14: 1.314425 | AO14: 1.3948525 | AP14: 1.415675 | AQ14: 1.4150775 | AR14: 1.50574 | AS14: 1.499385 | AT14: 1.516375 | AU14: 1.5075425 | AV14: 1.5109425 | AW14: 1.5109925 | AX14: 1.518155 | AY14: 1.5209125 | AZ14: 1.52033 | BA14: 1.54543 | BB14: 1.5462875 | BC14: 1.540135 | BD14: 1.56445 | BE14: 1.577425 | BF14: 1.570105 | BG14: 1.5904 | BH14: 1.5711275 | BI14: 1.61908
... A20: 1.8452504 | B20: =1.158*A20 -> 2.1368 | C20: =1/A20 -> 0.54193186 | E20: 0 | F20: -0.015072567 | G20: -0.02532437 | H20: -0.02337025 | I20: -0.00609025 | J20: -0.021298 | K20: -0.01619425 | L20: -0.01549875 | M20: -0.00995875 | N20: -0.0321965 | O20: -0.00808975 | P20: -0.038662 | Q20: -0.020905 | R20: -0.014845 | S20: -0.0160375 | T20: -0.0176825 | U20: -0.0114625 | V20: -0.015085 | W20: -0.00791 | X20: -0.0324675 | Y20: -0.039605 | Z20: -0.0389975 | AA20: -0.0321175 | AB20: -0.0281575 | AC20: 0.0062575 | AD20: 0.0392825 | AE20: 0.0298425 | AF20: 0.0647325 | AG20: 0.060505 | AH20: 0.074395 | AI20: 0.3535825 | AJ20: 0.3587225 | AK20: 0.35348 | AL20: 0.5596225 | AM20: 0.55212 | AN20: 0.556245 | AO20: 0.73662 | AP20: 0.7449125 | AQ20: 0.7907775 | AR20: 1.0061525 | AS20: 1.0321675 | AT20: 1.0335625 | AU20: 1.06873 | AV20: 1.0973575 | AW20: 1.1130425 | AX20: 1.14171 | AY20: 1.14747 | AZ20: 1.17039 | BA20: 1.1922375 | BB20: 1.197405 | BC20: 1.2130175 | BD20: 1.276755 | BE20: 1.3050025 | BF20: 1.3956975 | BG20: 1.423725 | BH20: 1.631455 | BI20: 1.796105
D24: =D1 -> P [kN] | E24: =MAX($E1:E1) -> 0 | F24: =MAX($E1:F1) -> 0 | G24: =MAX($E1:G1) -> 0 | H24: =MAX($E1:H1) -> 49 | I24: =MAX($E1:I1) -> 49 | J24: =MAX($E1:J1) -> 49 | K24: =MAX($E1:K1) -> 100 | L24: =MAX($E1:L1) -> 100 | ... BI24: =MAX($E1:BI1) -> 306
A25: =A2 -> M/(Vd) | B25: =B2 -> x | C25: =C2 -> Vd/M | D25: =D2 -> V [kN] | E25: =MAX($E2:E2) -> 30 | F25: =MAX($E2:F2) -> 30 | G25: =MAX($E2:G2) -> 30 | H25: =MAX($E2:H2) -> 54.5 | I25: =MAX($E2:I2) -> 54.5 | J25: =MAX($E2:J2) -> 54.5 | K25: =MAX($E2:K2) -> 80 | L25: =MAX($E2:L2) -> 80 | ... BI25: =MAX($E2:BI2) -> 183
A26: =A3 -> 3.3132988 | B26: =B3 -> 3.8368 | C26: =C3 -> 0.30181401 | E26: =MAX($E3:E3) -> 0 | F26: =MAX($E3:F3) -> 0.0025575082 | G26: =MAX($E3:G3) -> 0.0025575082 | H26: =MAX($E3:H3) -> 0.0291595 | I26: =MAX($E3:I3) -> 0.0291595 | J26: =MAX($E3:J3) -> 0.033912 | K26: =MAX($E3:K3) -> 0.0359395 | L26: =MAX($E3:L3) -> 0.0476905 | ... BI26: =MAX($E3:BI3) -> 1.9331325
A27: =A4 -> 3.226943 | B27: =B4 -> 3.7368 | C27: =C4 -> 0.30989082 | E27: =MAX($E4:E4) -> 0 | F27: =MAX($E4:F4) -> 0.0023310575 | G27: =MAX($E4:G4) -> 0.0023310575 | H27: =MAX($E4:H4) -> 0.02695325 | I27: =MAX($E4:I4) -> 0.02695325 | J27: =MAX($E4:J4) -> 0.028552 | K27: =MAX($E4:K4) -> 0.0386835 | L27: =MAX($E4:L4) -> 0.04697125 | ... BI27: =MAX($E4:BI4) -> 1.8981375
A28: =A5 -> 3.1405872 | B28: =B5 -> 3.6368 | C28: =C5 -> 0.31841179 | E28: =MAX($E5:E5) -> 0 | F28: =MAX($E5:F5) -> 0.0067694428 | G28: =MAX($E5:G5) -> 0.0067694428 | H28: =MAX($E5:H5) -> 0.02611575 | I28: =MAX($E5:I5) -> 0.02611575 | J28: =MAX($E5:J5) -> 0.02669375 | K28: =MAX($E5:K5) -> 0.0381065 | L28: =MAX($E5:L5) -> 0.04349125 | ... BI28: =MAX($E5:BI5) -> 1.615545
A29: =A6 -> 3.0542314 | B29: =B6 -> 3.5368 | C29: =C6 -> 0.32741461 | E29: =MAX($E6:E6) -> 0 | F29: =MAX($E6:F6) -> 0.006158029 | G29: =MAX($E6:G6) -> 0.0085223575 | H29: =MAX($E6:H6) -> 0.02789075 | I29: =MAX($E6:I6) -> 0.02789075 | J29: =MAX($E6:J6) -> 0.0285605 | K29: =MAX($E6:K6) -> 0.04355175 | L29: =MAX($E6:L6) -> 0.04485375 | ... BI29: =MAX($E6:BI6) -> 1.5109575
A30: =A7 -> 2.9678756 | B30: =B7 -> 3.4368 | C30: =C7 -> 0.33694134 | E30: =MAX($E7:E7) -> 0 | F30: =MAX($E7:F7) -> 0.013442424 | G30: =MAX($E7:G7) -> 0.013442424 | H30: =MAX($E7:H7) -> 0.03193975 | I30: =MAX($E7:I7) -> 0.03193975 | J30: =MAX($E7:J7) -> 0.03193975 | K30: =MAX($E7:K7) -> 0.04358875 | L30: =MAX($E7:L7) -> 0.04358875 | ... BI30: =MAX($E7:BI7) -> 1.7650475
A31: =A8 -> 2.8815199 | B31: =B8 -> 3.3368 | C31: =C8 -> 0.34703908 | E31: =MAX($E8:E8) -> 0 | F31: =MAX($E8:F8) -> 0.019465985 | G31: =MAX($E8:G8) -> 0.019465985 | H31: =MAX($E8:H8) -> 0.035953 | I31: =MAX($E8:I8) -> 0.035953 | J31: =MAX($E8:J8) -> 0.035953 | K31: =MAX($E8:K8) -> 0.044934 | L31: =MAX($E8:L8) -> 0.044934 | ... BI31: =MAX($E8:BI8) -> 1.85494
A32: =A9 -> 2.7951641 | B32: =B9 -> 3.2368 | C32: =C9 -> 0.35776075 | E32: =MAX($E9:E9) -> 0 | F32: =MAX($E9:F9) -> 0.01627857 | G32: =MAX($E9:G9) -> 0.021072245 | H32: =MAX($E9:H9) -> 0.03486325 | I32: =MAX($E9:I9) -> 0.03486325 | J32: =MAX($E9:J9) -> 0.03486325 | K32: =MAX($E9:K9) -> 0.043141 | L32: =MAX($E9:L9) -> 0.043141 | ... BI32: =MAX($E9:BI9) -> 1.72162
A33: =A10 -> 2.7088083 | B33: =B10 -> 3.1368 | C33: =C10 -> 0.36916603 | E33: =MAX($E10:E10) -> 0 | F33: =MAX($E10:F10) -> 0.015553255 | G33: =MAX($E10:G10) -> 0.022641555 | H33: =MAX($E10:H10) -> 0.036826 | I33: =MAX($E10:I10) -> 0.036826 | J33: =MAX($E10:J10) -> 0.036826 | K33: =MAX($E10:K10) -> 0.04467125 | L33: =MAX($E10:L10) -> 0.04467125 | ... BI33: =MAX($E10:BI10) -> 1.5881975
A34: =A11 -> 2.6224525 | B34: =B11 -> 3.0368 | C34: =C11 -> 0.38132244 | E34: =MAX($E11:E11) -> 0 | F34: =MAX($E11:F11) -> 0.013257543 | G34: =MAX($E11:G11) -> 0.021529125 | H34: =MAX($E11:H11) -> 0.03121025 | I34: =MAX($E11:I11) -> 0.03121025 | J34: =MAX($E11:J11) -> 0.03121025 | K34: =MAX($E11:K11) -> 0.04278075 | L34: =MAX($E11:L11) -> 0.04278075 | ... BI34: =MAX($E11:BI11) -> 1.41157
A35: =A12 -> 2.5360967 | B35: =B12 -> 2.9368 | C35: =C12 -> 0.39430673 | E35: =MAX($E12:E12) -> 0 | F35: =MAX($E12:F12) -> 0 | G35: =MAX($E12:G12) -> 0.02282872 | H35: =MAX($E12:H12) -> 0.02322925 | I35: =MAX($E12:I12) -> 0.02322925 | J35: =MAX($E12:J12) -> 0.02322925 | K35: =MAX($E12:K12) -> 0.038681 | L35: =MAX($E12:L12) -> 0.038681 | ... BI35: =MAX($E12:BI12) -> 1.3998675
A36: =A13 -> 2.4497409 | B36: =B13 -> 2.8368 | C36: =C13 -> 0.40820643 | E36: =MAX($E13:E13) -> 0 | F36: =MAX($E13:F13) -> 0.000350725 | G36: =MAX($E13:G13) -> 0.020197743 | H36: =MAX($E13:H13) -> 0.020197743 | I36: =MAX($E13:I13) -> 0.020197743 | J36: =MAX($E13:J13) -> 0.020197743 | K36: =MAX($E13:K13) -> 0.03252025 | L36: =MAX($E13:L13) -> 0.03252025 | ... BI36: =MAX($E13:BI13) -> 1.509805
A37: =A14 -> 2.3633851 | B37: =B14 -> 2.7368 | C37: =C14 -> 0.42312189 | E37: =MAX($E14:E14) -> 0 | F37: =MAX($E14:F14) -> 0.00039983275 | G37: =MAX($E14:G14) -> 0.0141276 | H37: =MAX($E14:H14) -> 0.0141276 | I37: =MAX($E14:I14) -> 0.0141276 | J37: =MAX($E14:J14) -> 0.0141276 | K37: =MAX($E14:K14) -> 0.0256425 | L37: =MAX($E14:L14) -> 0.0256425 | ... BI37: =MAX($E14:BI14) -> 1.61908
... A43: =A20 -> 1.8452504 | B43: =B20 -> 2.1368 | C43: =C20 -> 0.54193186 | E43: =MAX($E20:E20) -> 0 | F43: =MAX($E20:F20) -> 0 | G43: =MAX($E20:G20) -> 0 | H43: =MAX($E20:H20) -> 0 | I43: =MAX($E20:I20) -> 0 | J43: =MAX($E20:J20) -> 0 | K43: =MAX($E20:K20) -> 0 | L43: =MAX($E20:L20) -> 0 | ... BI43: =MAX($E20:BI20) -> 1.796105
D47: w_max | E47: =MAX(E26:E45) -> 0 | F47: =MAX(F26:F45) -> 0.019465985 | G47: =MAX(G26:G45) -> 0.02282872 | H47: =MAX(H26:H45) -> 0.036826 | I47: =MAX(I26:I45) -> 0.036826 | J47: =MAX(J26:J45) -> 0.036826 | K47: =MAX(K26:K45) -> 0.044934 | L47: =MAX(L26:L45) -> 0.0476905 | ... BI47: =MAX(BI26:BI45) -> 1.9331325 | BJ47: 10
D48: w_max,w | E48: {=MAX($C26:$C45*E26:E45)} -> 0 | F48: {=MAX($C26:$C45*F26:F45)} -> 0.0067554575 | G48: {=MAX($C26:$C45*G26:G45)} -> 0.0090015179 | H48: {=MAX($C26:$C45*H26:H45)} -> 0.013594908 | I48: {=MAX($C26:$C45*I26:I45)} -> 0.013594908 | J48: {=MAX($C26:$C45*J26:J45)} -> 0.013594908 | K48: {=MAX($C26:$C45*K26:K45)} -> 0.016491108 | L48: {=MAX($C26:$C45*L26:L45)} -> 0.016491108 | ... BI48: {=MAX($C26:$C45*BI26:BI45)} -> 0.97336652 | BJ48: 10
D49: V_u/V | E49: =MAX($E25:$BI25)/E25 -> 6.1 | F49: =MAX($E25:$BI25)/F25 -> 6.1 | G49: =MAX($E25:$BI25)/G25 -> 6.1 | H49: =MAX($E25:$BI25)/H25 -> 3.3577982 | I49: =MAX($E25:$BI25)/I25 -> 3.3577982 | J49: =MAX($E25:$BI25)/J25 -> 3.3577982 | K49: =MAX($E25:$BI25)/K25 -> 2.2875 | L49: =MAX($E25:$BI25)/L25 -> 2.2875 | ... BI49: =MAX($E25:$BI25)/BI25 -> 1 | BJ49: 1
D50: V/V_u | E50: =E25/MAX($E25:$BI25) -> 0.16393443 | F50: =F25/MAX($E25:$BI25) -> 0.16393443 | G50: =G25/MAX($E25:$BI25) -> 0.16393443 | H50: =H25/MAX($E25:$BI25) -> 0.29781421 | I50: =I25/MAX($E25:$BI25) -> 0.29781421 | J50: =J25/MAX($E25:$BI25) -> 0.29781421 | K50: =K25/MAX($E25:$BI25) -> 0.43715847 | L50: =L25/MAX($E25:$BI25) -> 0.43715847 | ... BI50: =BI25/MAX($E25:$BI25) -> 1

Sheet Curves

Sheet w_max
A1: w_max | B1: H121 | C1: H401 | D1: H403 | E1: H404 | F1: H602 | G1: m | H1: s | I1: n | J1: s*
A2: 0.05 | B2: =[1]!INTERPOLATE('H121'!$E$47:$BJ$47, 'H121'!$E$49:$BJ$49, A2) -> 4.1063831 | C2: =[1]!INTERPOLATE('H401'!$E$47:$BH$47, 'H401'!$E$49:$BH$49, A2) -> 2.9315589 | D2: =[1]!INTERPOLATE('H403'!$E$47:$CQ$47, 'H403'!$E$49:$CQ$49, A2) -> 4.4017621 | E2: =[1]!INTERPOLATE('H404'!$E$47:$CC$47, 'H404'!$E$49:$CC$49, A2) -> 2.0186737 | F2: =[1]!INTERPOLATE('H602'!$E$47:$BI$47, 'H602'!$E$49:$BI$49, A2) -> 2.2875 | G2: =AVERAGE(B2:F2) -> 3.1491755 | H2: =_xlfn.STDEV.S(B2:F2) -> 1.0668992 | I2: =COUNT(B2:F2) -> 5 | J2: =H2*SQRT(1+1/I2) -> 1.1687295
A3: 0.1 | B3: =[1]!INTERPOLATE('H121'!$E$47:$BJ$47, 'H121'!$E$49:$BJ$49, A3) -> 4.1063831 | C3: =[1]!INTERPOLATE('H401'!$E$47:$BH$47, 'H401'!$E$49:$BH$49, A3) -> 2.9217463 | D3: =[1]!INTERPOLATE('H403'!$E$47:$CQ$47, 'H403'!$E$49:$CQ$49, A3) -> 2.1823511 | E3: =[1]!INTERPOLATE('H404'!$E$47:$CC$47, 'H404'!$E$49:$CC$49, A3) -> 1.8203317 | F3: =[1]!INTERPOLATE('H602'!$E$47:$BI$47, 'H602'!$E$49:$BI$49, A3) -> 2.2665645 | G3: =AVERAGE(B3:F3) -> 2.6594753 | H3: =_xlfn.STDEV.S(B3:F3) -> 0.90118208 | I3: =COUNT(B3:F3) -> 5 | J3: =H3*SQRT(1+1/I3) -> 0.9871955
A4: 0.15 | B4: =[1]!INTERPOLATE('H121'!$E$47:$BJ$47, 'H121'!$E$49:$BJ$49, A4) -> 1.7754678 | C4: =[1]!INTERPOLATE('H401'!$E$47:$BH$47, 'H401'!$E$49:$BH$49, A4) -> 2.9119337 | D4: =[1]!INTERPOLATE('H403'!$E$47:$CQ$47, 'H403'!$E$49:$CQ$49, A4) -> 2.1751464 | E4: =[1]!INTERPOLATE('H404'!$E$47:$CC$47, 'H404'!$E$49:$CC$49, A4) -> 1.6334901 | F4: =[1]!INTERPOLATE('H602'!$E$47:$BI$47, 'H602'!$E$49:$BI$49, A4) -> 2.1723644 | G4: =AVERAGE(B4:F4) -> 2.1336805 | H4: =_xlfn.STDEV.S(B4:F4) -> 0.49684019 | I4: =COUNT(B4:F4) -> 5 | J4: =H4*SQRT(1+1/I4) -> 0.54426116
A5: 0.2 | B5: =[1]!INTERPOLATE('H121'!$E$47:$BJ$47, 'H121'!$E$49:$BJ$49, A5) -> 1.7545455 | C5: =[1]!INTERPOLATE('H401'!$E$47:$BH$47, 'H401'!$E$49:$BH$49, A5) -> 1.7252702 | D5: =[1]!INTERPOLATE('H403'!$E$47:$CQ$47, 'H403'!$E$49:$CQ$49, A5) -> 2.1679417 | E5: =[1]!INTERPOLATE('H404'!$E$47:$CC$47, 'H404'!$E$49:$CC$49, A5) -> 1.5679612 | F5: =[1]!INTERPOLATE('H602'!$E$47:$BI$47, 'H602'!$E$49:$BI$49, A5) -> 2.0781642 | G5: =AVERAGE(B5:F5) -> 1.8587765 | H5: =_xlfn.STDEV.S(B5:F5) -> 0.25346384 | I5: =COUNT(B5:F5) -> 5 | J5: =H5*SQRT(1+1/I5) -> 0.27765573
A6: 0.25 | B6: =[1]!INTERPOLATE('H121'!$E$47:$BJ$47, 'H121'!$E$49:$BJ$49, A6) -> 1.7545455 | C6: =[1]!INTERPOLATE('H401'!$E$47:$BH$47, 'H401'!$E$49:$BH$49, A6) -> 1.7170981 | D6: =[1]!INTERPOLATE('H403'!$E$47:$CQ$47, 'H403'!$E$49:$CQ$49, A6) -> 2.1607369 | E6: =[1]!INTERPOLATE('H404'!$E$47:$CC$47, 'H404'!$E$49:$CC$49, A6) -> 1.5679612 | F6: =[1]!INTERPOLATE('H602'!$E$47:$BI$47, 'H602'!$E$49:$BI$49, A6) -> 1.9839641 | G6: =AVERAGE(B6:F6) -> 1.8368612 | H6: =_xlfn.STDEV.S(B6:F6) -> 0.23450003 | I6: =COUNT(B6:F6) -> 5 | J6: =H6*SQRT(1+1/I6) -> 0.25688192
A7: 0.3 | B7: =[1]!INTERPOLATE('H121'!$E$47:$BJ$47, 'H121'!$E$49:$BJ$49, A7) -> 1.7545455 | C7: =[1]!INTERPOLATE('H401'!$E$47:$BH$47, 'H401'!$E$49:$BH$49, A7) -> 1.708926 | D7: =[1]!INTERPOLATE('H403'!$E$47:$CQ$47, 'H403'!$E$49:$CQ$49, A7) -> 2.1535322 | E7: =[1]!INTERPOLATE('H404'!$E$47:$CC$47, 'H404'!$E$49:$CC$49, A7) -> 1.5679612 | F7: =[1]!INTERPOLATE('H602'!$E$47:$BI$47, 'H602'!$E$49:$BI$49, A7) -> 1.8936776 | G7: =AVERAGE(B7:F7) -> 1.8157285 | H7: =_xlfn.STDEV.S(B7:F7) -> 0.22176913 | I7: =COUNT(B7:F7) -> 5 | J7: =H7*SQRT(1+1/I7) -> 0.24293591
A8: 0.35 | B8: =[1]!INTERPOLATE('H121'!$E$47:$BJ$47, 'H121'!$E$49:$BJ$49, A8) -> 1.7545455 | C8: =[1]!INTERPOLATE('H401'!$E$47:$BH$47, 'H401'!$E$49:$BH$49, A8) -> 1.700754 | D8: =[1]!INTERPOLATE('H403'!$E$47:$CQ$47, 'H403'!$E$49:$CQ$49, A8) -> 2.1463275 | E8: =[1]!INTERPOLATE('H404'!$E$47:$CC$47, 'H404'!$E$49:$CC$49, A8) -> 1.5679612 | F8: =[1]!INTERPOLATE('H602'!$E$47:$BI$47, 'H602'!$E$49:$BI$49, A8) -> 1.8865979 | G8: =AVERAGE(B8:F8) -> 1.8112372 | H8: =_xlfn.STDEV.S(B8:F8) -> 0.21941312 | I8: =COUNT(B8:F8) -> 5 | J8: =H8*SQRT(1+1/I8) -> 0.24035503
A9: 0.4 | B9: =[1]!INTERPOLATE('H121'!$E$47:$BJ$47, 'H121'!$E$49:$BJ$49, A9) -> 1.7545455 | C9: =[1]!INTERPOLATE('H401'!$E$47:$BH$47, 'H401'!$E$49:$BH$49, A9) -> 1.6925819 | D9: =[1]!INTERPOLATE('H403'!$E$47:$CQ$47, 'H403'!$E$49:$CQ$49, A9) -> 2.1391228 | E9: =[1]!INTERPOLATE('H404'!$E$47:$CC$47, 'H404'!$E$49:$CC$49, A9) -> 1.5679612 | F9: =[1]!INTERPOLATE('H602'!$E$47:$BI$47, 'H602'!$E$49:$BI$49, A9) -> 1.8865979 | G9: =AVERAGE(B9:F9) -> 1.8081619 | H9: =_xlfn.STDEV.S(B9:F9) -> 0.21772526 | I9: =COUNT(B9:F9) -> 5 | J9: =H9*SQRT(1+1/I9) -> 0.23850607
A10: 0.45 | B10: =[1]!INTERPOLATE('H121'!$E$47:$BJ$47, 'H121'!$E$49:$BJ$49, A10) -> 1.6932354 | C10: =[1]!INTERPOLATE('H401'!$E$47:$BH$47, 'H401'!$E$49:$BH$49, A10) -> 1.6844099 | D10: =[1]!INTERPOLATE('H403'!$E$47:$CQ$47, 'H403'!$E$49:$CQ$49, A10) -> 2.131918 | E10: =[1]!INTERPOLATE('H404'!$E$47:$CC$47, 'H404'!$E$49:$CC$49, A10) -> 1.5679612 | F10: =[1]!INTERPOLATE('H602'!$E$47:$BI$47, 'H602'!$E$49:$BI$49, A10) -> 1.8865979 | G10: =AVERAGE(B10:F10) -> 1.7928245 | H10: =_xlfn.STDEV.S(B10:F10) -> 0.22136684 | I10: =COUNT(B10:F10) -> 5 | J10: =H10*SQRT(1+1/I10) -> 0.24249523
A11: 0.5 | B11: =[1]!INTERPOLATE('H121'!$E$47:$BJ$47, 'H121'!$E$49:$BJ$49, A11) -> 1.5474733 | C11: =[1]!INTERPOLATE('H401'!$E$47:$BH$47, 'H401'!$E$49:$BH$49, A11) -> 1.6762378 | D11: =[1]!INTERPOLATE('H403'!$E$47:$CQ$47, 'H403'!$E$49:$CQ$49, A11) -> 2.1247133 | E11: =[1]!INTERPOLATE('H404'!$E$47:$CC$47, 'H404'!$E$49:$CC$49, A11) -> 1.5679612 | F11: =[1]!INTERPOLATE('H602'!$E$47:$BI$47, 'H602'!$E$49:$BI$49, A11) -> 1.8865979 | G11: =AVERAGE(B11:F11) -> 1.7605967 | H11: =_xlfn.STDEV.S(B11:F11) -> 0.24397935 | I11: =COUNT(B11:F11) -> 5 | J11: =H11*SQRT(1+1/I11) -> 0.26726599
A12: 0.55 | B12: =[1]!INTERPOLATE('H121'!$E$47:$BJ$47, 'H121'!$E$49:$BJ$49, A12) -> 1.4349442 | C12: =[1]!INTERPOLATE('H401'!$E$47:$BH$47, 'H401'!$E$49:$BH$49, A12) -> 1.6680657 | D12: =[1]!INTERPOLATE('H403'!$E$47:$CQ$47, 'H403'!$E$49:$CQ$49, A12) -> 2.1175086 | E12: =[1]!INTERPOLATE('H404'!$E$47:$CC$47, 'H404'!$E$49:$CC$49, A12) -> 1.5679612 | F12: =[1]!INTERPOLATE('H602'!$E$47:$BI$47, 'H602'!$E$49:$BI$49, A12) -> 1.8865979 | G12: =AVERAGE(B12:F12) -> 1.7350155 | H12: =_xlfn.STDEV.S(B12:F12) -> 0.2700511 | I12: =COUNT(B12:F12) -> 5 | J12: =H12*SQRT(1+1/I12) -> 0.29582616
A13: 0.6 | B13: =[1]!INTERPOLATE('H121'!$E$47:$BJ$47, 'H121'!$E$49:$BJ$49, A13) -> 1.4033141 | C13: =[1]!INTERPOLATE('H401'!$E$47:$BH$47, 'H401'!$E$49:$BH$49, A13) -> 1.6598937 | D13: =[1]!INTERPOLATE('H403'!$E$47:$CQ$47, 'H403'!$E$49:$CQ$49, A13) -> 2.1103039 | E13: =[1]!INTERPOLATE('H404'!$E$47:$CC$47, 'H404'!$E$49:$CC$49, A13) -> 1.5679612 | F13: =[1]!INTERPOLATE('H602'!$E$47:$BI$47, 'H602'!$E$49:$BI$49, A13) -> 1.882898 | G13: =AVERAGE(B13:F13) -> 1.7248742 | H13: =_xlfn.STDEV.S(B13:F13) -> 0.27648356 | I13: =COUNT(B13:F13) -> 5 | J13: =H13*SQRT(1+1/I13) -> 0.30287257
... A51: 2.5 | B51: =[1]!INTERPOLATE('H121'!$E$47:$BJ$47, 'H121'!$E$49:$BJ$49, A51) -> 1 | C51: =[1]!INTERPOLATE('H401'!$E$47:$BH$47, 'H401'!$E$49:$BH$49, A51) -> 1 | D51: =[1]!INTERPOLATE('H403'!$E$47:$CQ$47, 'H403'!$E$49:$CQ$49, A51) -> 1.0001611 | E51: =[1]!INTERPOLATE('H404'!$E$47:$CC$47, 'H404'!$E$49:$CC$49, A51) -> 1 | F51: =[1]!INTERPOLATE('H602'!$E$47:$BI$47, 'H602'!$E$49:$BI$49, A51) -> 1 | G51: =AVERAGE(B51:F51) -> 1.0000322 | H51: =_xlfn.STDEV.S(B51:F51) -> 7.2067196e-05 | I51: =COUNT(B51:F51) -> 5 | J51: =H51*SQRT(1+1/I51) -> 7.8945658e-05

Sheet w_max_w
A1: w_max,w | B1: H121 | C1: H401 | D1: H403 | E1: H404 | F1: H602 | G1: Mean data | H1: Mean model | I1: Stddev. data | J1: Stddev. model
A2: 0 | B2: =[1]!INTERPOLATE('H121'!$E$48:$BJ$48, 'H121'!$E$49:$BJ$49, A2) -> 8.5777782 | C2: =[1]!INTERPOLATE('H401'!$E$48:$BH$48, 'H401'!$E$49:$BH$49, A2) -> 5.3833333 | D2: =[1]!INTERPOLATE('H403'!$E$48:$CQ$48, 'H403'!$E$49:$CQ$49, A2) -> 6.7666667 | E2: =[1]!INTERPOLATE('H404'!$E$48:$CC$48, 'H404'!$E$49:$CC$49, A2) -> 5.9814815 | F2: =[1]!INTERPOLATE('H602'!$E$48:$BI$48, 'H602'!$E$49:$BI$49, A2) -> 6.1 | G2: =AVERAGE(B2:F2) -> 6.5618519 | H2: =IF(A2<0.85, 1.5*EXP(-3*A2)+0.88, 1) -> 2.38 | I2: =_xlfn.STDEV.S(B2:F2) -> 1.2293241 | J2: =IF(A2<1.1, 0.53*EXP(-2.1*A2)-0.05, 0) -> 0.48
A3: 0.02 | B3: =[1]!INTERPOLATE('H121'!$E$48:$BJ$48, 'H121'!$E$49:$BJ$49, A3) -> 5.4784188 | C3: =[1]!INTERPOLATE('H401'!$E$48:$BH$48, 'H401'!$E$49:$BH$49, A3) -> 2.9300314 | D3: =[1]!INTERPOLATE('H403'!$E$48:$CQ$48, 'H403'!$E$49:$CQ$49, A3) -> 3.5049038 | E3: =[1]!INTERPOLATE('H404'!$E$48:$CC$48, 'H404'!$E$49:$CC$49, A3) -> 1.9974675 | F3: =[1]!INTERPOLATE('H602'!$E$48:$BI$48, 'H602'!$E$49:$BI$49, A3) -> 2.2875 | G3: =AVERAGE(B3:F3) -> 3.2396643 | H3: =IF(A3<0.85, 1.5*EXP(-3*A3)+0.88, 1) -> 2.2926468 | I3: =_xlfn.STDEV.S(B3:F3) -> 1.3809341 | J3: =IF(A3<1.1, 0.53*EXP(-2.1*A3)-0.05, 0) -> 0.45820098
A4: 0.04 | B4: =[1]!INTERPOLATE('H121'!$E$48:$BJ$48, 'H121'!$E$49:$BJ$49, A4) -> 4.1063831 | C4: =[1]!INTERPOLATE('H401'!$E$48:$BH$48, 'H401'!$E$49:$BH$49, A4) -> 2.9193675 | D4: =[1]!INTERPOLATE('H403'!$E$48:$CQ$48, 'H403'!$E$49:$CQ$49, A4) -> 2.1768865 | E4: =[1]!INTERPOLATE('H404'!$E$48:$CC$48, 'H404'!$E$49:$CC$49, A4) -> 1.8006254 | F4: =[1]!INTERPOLATE('H602'!$E$48:$BI$48, 'H602'!$E$49:$BI$49, A4) -> 2.2052742 | G4: =AVERAGE(B4:F4) -> 2.6417073 | H4: =IF(A4<0.85, 1.5*EXP(-3*A4)+0.88, 1) -> 2.2103807 | I4: =_xlfn.STDEV.S(B4:F4) -> 0.91327996 | J4: =IF(A4<1.1, 0.53*EXP(-2.1*A4)-0.05, 0) -> 0.43729857
A5: 0.06 | B5: =[1]!INTERPOLATE('H121'!$E$48:$BJ$48, 'H121'!$E$49:$BJ$49, A5) -> 4.1063831 | C5: =[1]!INTERPOLATE('H401'!$E$48:$BH$48, 'H401'!$E$49:$BH$49, A5) -> 1.9774029 | D5: =[1]!INTERPOLATE('H403'!$E$48:$CQ$48, 'H403'!$E$49:$CQ$49, A5) -> 2.1669495 | E5: =[1]!INTERPOLATE('H404'!$E$48:$CC$48, 'H404'!$E$49:$CC$49, A5) -> 1.6979593 | F5: =[1]!INTERPOLATE('H602'!$E$48:$BI$48, 'H602'!$E$49:$BI$49, A5) -> 2.0804289 | G5: =AVERAGE(B5:F5) -> 2.4058247 | H5: =IF(A5<0.85, 1.5*EXP(-3*A5)+0.88, 1) -> 2.1329053 | I5: =_xlfn.STDEV.S(B5:F5) -> 0.96688432 | J5: =IF(A5<1.1, 0.53*EXP(-2.1*A5)-0.05, 0) -> 0.41725587
A6: 0.08 | B6: =[1]!INTERPOLATE('H121'!$E$48:$BJ$48, 'H121'!$E$49:$BJ$49, A6) -> 2.2931835 | C6: =[1]!INTERPOLATE('H401'!$E$48:$BH$48, 'H401'!$E$49:$BH$49, A6) -> 1.7270058 | D6: =[1]!INTERPOLATE('H403'!$E$48:$CQ$48, 'H403'!$E$49:$CQ$49, A6) -> 2.1570125 | E6: =[1]!INTERPOLATE('H404'!$E$48:$CC$48, 'H404'!$E$49:$CC$49, A6) -> 1.597507 | F6: =[1]!INTERPOLATE('H602'!$E$48:$BI$48, 'H602'!$E$49:$BI$49, A6) -> 1.9555837 | G6: =AVERAGE(B6:F6) -> 1.9460585 | H6: =IF(A6<0.85, 1.5*EXP(-3*A6)+0.88, 1) -> 2.0599418 | I6: =_xlfn.STDEV.S(B6:F6) -> 0.28920594 | J6: =IF(A6<1.1, 0.53*EXP(-2.1*A6)-0.05, 0) -> 0.39803753
A7: 0.1 | B7: =[1]!INTERPOLATE('H121'!$E$48:$BJ$48, 'H121'!$E$49:$BJ$49, A7) -> 1.7545455 | C7: =[1]!INTERPOLATE('H401'!$E$48:$BH$48, 'H401'!$E$49:$BH$49, A7) -> 1.71202 | D7: =[1]!INTERPOLATE('H403'!$E$48:$CQ$48, 'H403'!$E$49:$CQ$49, A7) -> 2.1470755 | E7: =[1]!INTERPOLATE('H404'!$E$48:$CC$48, 'H404'!$E$49:$CC$49, A7) -> 1.5679612 | F7: =[1]!INTERPOLATE('H602'!$E$48:$BI$48, 'H602'!$E$49:$BI$49, A7) -> 1.8865979 | G7: =AVERAGE(B7:F7) -> 1.81364 | H7: =IF(A7<0.85, 1.5*EXP(-3*A7)+0.88, 1) -> 1.9912273 | I7: =_xlfn.STDEV.S(B7:F7) -> 0.218334 | J7: =IF(A7<1.1, 0.53*EXP(-2.1*A7)-0.05, 0) -> 0.37960965
A8: 0.12 | B8: =[1]!INTERPOLATE('H121'!$E$48:$BJ$48, 'H121'!$E$49:$BJ$49, A8) -> 1.7545455 | C8: =[1]!INTERPOLATE('H401'!$E$48:$BH$48, 'H401'!$E$49:$BH$49, A8) -> 1.6970343 | D8: =[1]!INTERPOLATE('H403'!$E$48:$CQ$48, 'H403'!$E$49:$CQ$49, A8) -> 2.1371384 | E8: =[1]!INTERPOLATE('H404'!$E$48:$CC$48, 'H404'!$E$49:$CC$49, A8) -> 1.5679612 | F8: =[1]!INTERPOLATE('H602'!$E$48:$BI$48, 'H602'!$E$49:$BI$49, A8) -> 1.8865979 | G8: =AVERAGE(B8:F8) -> 1.8086555 | H8: =IF(A8<0.85, 1.5*EXP(-3*A8)+0.88, 1) -> 1.9265145 | I8: =_xlfn.STDEV.S(B8:F8) -> 0.21638913 | J8: =IF(A8<1.1, 0.53*EXP(-2.1*A8)-0.05, 0) -> 0.36193971
A9: 0.14 | B9: =[1]!INTERPOLATE('H121'!$E$48:$BJ$48, 'H121'!$E$49:$BJ$49, A9) -> 1.7545455 | C9: =[1]!INTERPOLATE('H401'!$E$48:$BH$48, 'H401'!$E$49:$BH$49, A9) -> 1.6820485 | D9: =[1]!INTERPOLATE('H403'!$E$48:$CQ$48, 'H403'!$E$49:$CQ$49, A9) -> 2.1272014 | E9: =[1]!INTERPOLATE('H404'!$E$48:$CC$48, 'H404'!$E$49:$CC$49, A9) -> 1.5679612 | F9: =[1]!INTERPOLATE('H602'!$E$48:$BI$48, 'H602'!$E$49:$BI$49, A9) -> 1.8865979 | G9: =AVERAGE(B9:F9) -> 1.8036709 | H9: =IF(A9<0.85, 1.5*EXP(-3*A9)+0.88, 1) -> 1.8655702 | I9: =_xlfn.STDEV.S(B9:F9) -> 0.21465862 | J9: =IF(A9<1.1, 0.53*EXP(-2.1*A9)-0.05, 0) -> 0.34499654
A10: 0.16 | B10: =[1]!INTERPOLATE('H121'!$E$48:$BJ$48, 'H121'!$E$49:$BJ$49, A10) -> 1.7545455 | C10: =[1]!INTERPOLATE('H401'!$E$48:$BH$48, 'H401'!$E$49:$BH$49, A10) -> 1.6670627 | D10: =[1]!INTERPOLATE('H403'!$E$48:$CQ$48, 'H403'!$E$49:$CQ$49, A10) -> 2.1172644 | E10: =[1]!INTERPOLATE('H404'!$E$48:$CC$48, 'H404'!$E$49:$CC$49, A10) -> 1.5679612 | F10: =[1]!INTERPOLATE('H602'!$E$48:$BI$48, 'H602'!$E$49:$BI$49, A10) -> 1.8865979 | G10: =AVERAGE(B10:F10) -> 1.7986863 | H10: =IF(A10<0.85, 1.5*EXP(-3*A10)+0.88, 1) -> 1.8081751 | I10: =_xlfn.STDEV.S(B10:F10) -> 0.21314768 | J10: =IF(A10<1.1, 0.53*EXP(-2.1*A10)-0.05, 0) -> 0.32875025
A11: 0.18 | B11: =[1]!INTERPOLATE('H121'!$E$48:$BJ$48, 'H121'!$E$49:$BJ$49, A11) -> 1.7545455 | C11: =[1]!INTERPOLATE('H401'!$E$48:$BH$48, 'H401'!$E$49:$BH$49, A11) -> 1.534838 | D11: =[1]!INTERPOLATE('H403'!$E$48:$CQ$48, 'H403'!$E$49:$CQ$49, A11) -> 2.1073274 | E11: =[1]!INTERPOLATE('H404'!$E$48:$CC$48, 'H404'!$E$49:$CC$49, A11) -> 1.5679612 | F11: =[1]!INTERPOLATE('H602'!$E$48:$BI$48, 'H602'!$E$49:$BI$49, A11) -> 1.8846139 | G11: =AVERAGE(B11:F11) -> 1.7698572 | H11: =IF(A11<0.85, 1.5*EXP(-3*A11)+0.88, 1) -> 1.7541224 | I11: =_xlfn.STDEV.S(B11:F11) -> 0.2362656 | J11: =IF(A11<1.1, 0.53*EXP(-2.1*A11)-0.05, 0) -> 0.31317217
A12: 0.2 | B12: =[1]!INTERPOLATE('H121'!$E$48:$BJ$48, 'H121'!$E$49:$BJ$49, A12) -> 1.7161275 | C12: =[1]!INTERPOLATE('H401'!$E$48:$BH$48, 'H401'!$E$49:$BH$49, A12) -> 1.4981228 | D12: =[1]!INTERPOLATE('H403'!$E$48:$CQ$48, 'H403'!$E$49:$CQ$49, A12) -> 2.0973904 | E12: =[1]!INTERPOLATE('H404'!$E$48:$CC$48, 'H404'!$E$49:$CC$49, A12) -> 1.5679612 | F12: =[1]!INTERPOLATE('H602'!$E$48:$BI$48, 'H602'!$E$49:$BI$49, A12) -> 1.854688 | G12: =AVERAGE(B12:F12) -> 1.746858 | H12: =IF(A12<0.85, 1.5*EXP(-3*A12)+0.88, 1) -> 1.7032175 | I12: =_xlfn.STDEV.S(B12:F12) -> 0.23943573 | J12: =IF(A12<1.1, 0.53*EXP(-2.1*A12)-0.05, 0) -> 0.29823481
A13: 0.22 | B13: =[1]!INTERPOLATE('H121'!$E$48:$BJ$48, 'H121'!$E$49:$BJ$49, A13) -> 1.6178171 | C13: =[1]!INTERPOLATE('H401'!$E$48:$BH$48, 'H401'!$E$49:$BH$49, A13) -> 1.4614077 | D13: =[1]!INTERPOLATE('H403'!$E$48:$CQ$48, 'H403'!$E$49:$CQ$49, A13) -> 1.9967332 | E13: =[1]!INTERPOLATE('H404'!$E$48:$CC$48, 'H404'!$E$49:$CC$49, A13) -> 1.5679612 | F13: =[1]!INTERPOLATE('H602'!$E$48:$BI$48, 'H602'!$E$49:$BI$49, A13) -> 1.824762 | G13: =AVERAGE(B13:F13) -> 1.6937362 | H13: =IF(A13<0.85, 1.5*EXP(-3*A13)+0.88, 1) -> 1.655277 | I13: =_xlfn.STDEV.S(B13:F13) -> 0.2147874 | J13: =IF(A13<1.1, 0.53*EXP(-2.1*A13)-0.05, 0) -> 0.28391184
... A62: 1.2 | B62: =[1]!INTERPOLATE('H121'!$E$48:$BJ$48, 'H121'!$E$49:$BJ$49, A62) -> 1 | C62: =[1]!INTERPOLATE('H401'!$E$48:$BH$48, 'H401'!$E$49:$BH$49, A62) -> 1 | D62: =[1]!INTERPOLATE('H403'!$E$48:$CQ$48, 'H403'!$E$49:$CQ$49, A62) -> 1 | E62: =[1]!INTERPOLATE('H404'!$E$48:$CC$48, 'H404'!$E$49:$CC$49, A62) -> 1 | F62: =[1]!INTERPOLATE('H602'!$E$48:$BI$48, 'H602'!$E$49:$BI$49, A62) -> 1 | G62: =AVERAGE(B62:F62) -> 1 | H62: =IF(A62<0.85, 1.5*EXP(-3*A62)+0.88, 1) -> 1 | I62: =_xlfn.STDEV.S(B62:F62) -> 0 | J62: =IF(A62<1.1, 0.53*EXP(-2.1*A62)-0.05, 0) -> 0

Sheet Expected
A1: Loads | B1: V | C1: H121 | D1: H401 | E1: H403 | F1: H404 | G1: H602 | H1: Average
A2: G_DL | B2: 30 | C2: 0 | D2: 0 | E2: 0 | F2: 0 | G2: 0 | H2: 0
A3: G_DL + G_SDL | B3: =B2+4.9 -> 34.9 | C3: =[1]!INTERPOLATE('H121'!E$25:BJ$25,'H121'!E$48:BJ$48, B3) -> 0.0043280507 | D3: =[1]!INTERPOLATE('H401'!$E$25:$BH$25, 'H401'!$E$48:$BH$48, B3) -> 0.0015922772 | E3: =[1]!INTERPOLATE('H403'!$E$25:$CQ$25, 'H403'!$E$48:$CQ$48, B3) -> 0.0021860773 | F3: =[1]!INTERPOLATE('H404'!$E$25:$CC$25, 'H404'!$E$48:$CC$48, B3) -> 0.0017161141 | G3: =[1]!INTERPOLATE('H602'!$E$25:$BI$25, 'H602'!$E$48:$BI$48, B3) -> 0.009920196 | H3: =AVERAGE(C3:G3) -> 0.003948543 | J3: Mean | K3: Stddev | L3: COV
A4: G + Q_PL1 | B4: =B3+38.1 -> 73 | C4: =[1]!INTERPOLATE('H121'!E$25:BJ$25,'H121'!E$48:BJ$48, B4) -> 0.068798838 | D4: =[1]!INTERPOLATE('H401'!$E$25:$BH$25, 'H401'!$E$48:$BH$48, B4) -> 0.057737561 | E4: =[1]!INTERPOLATE('H403'!$E$25:$CQ$25, 'H403'!$E$48:$CQ$48, B4) -> 0.019183944 | F4: =[1]!INTERPOLATE('H404'!$E$25:$CC$25, 'H404'!$E$48:$CC$48, B4) -> 0.0098021177 | G4: =[1]!INTERPOLATE('H602'!$E$25:$BI$25, 'H602'!$E$48:$BI$48, B4) -> 0.015696073 | H4: =AVERAGE(C4:G4) -> 0.034243707 | J4: =IF(H4<0.85, 1.5*EXP(-3*H4)+0.88, 1) -> 2.2335544 | K4: =IF(H4<1.1, 0.53*EXP(-2.1*H4)-0.05, 0) -> 0.44322488 | L4: =K4/J4 -> 0.19843926
A5: G + Q_PL2 | B5: =30+4.9+1.2*38.1 -> 80.62 | C5: =[1]!INTERPOLATE('H121'!E$25:BJ$25,'H121'!E$48:BJ$48, B5) -> 0.068798838 | D5: =[1]!INTERPOLATE('H401'!$E$25:$BH$25, 'H401'!$E$48:$BH$48, B5) -> 0.057939772 | E5: =[1]!INTERPOLATE('H403'!$E$25:$CQ$25, 'H403'!$E$48:$CQ$48, B5) -> 0.022583517 | F5: =[1]!INTERPOLATE('H404'!$E$25:$CC$25, 'H404'!$E$48:$CC$48, B5) -> 0.009941434 | G5: =[1]!INTERPOLATE('H602'!$E$25:$BI$25, 'H602'!$E$48:$BI$48, B5) -> 0.029181985 | H5: =AVERAGE(C5:G5) -> 0.037689109 | J5: =IF(H5<0.85, 1.5*EXP(-3*H5)+0.88, 1) -> 2.2196358 | K5: =IF(H5<1.1, 0.53*EXP(-2.1*H5)-0.05, 0) -> 0.43966911 | L5: =K5/J5 -> 0.19808165
A6: G + Q_PL3 | B6: =30+4.9+1.4*38.1 -> 88.24 | C6: =[1]!INTERPOLATE('H121'!E$25:BJ$25,'H121'!E$48:BJ$48, B6) -> 0.068798838 | D6: =[1]!INTERPOLATE('H401'!$E$25:$BH$25, 'H401'!$E$48:$BH$48, B6) -> 0.07078019 | E6: =[1]!INTERPOLATE('H403'!$E$25:$CQ$25, 'H403'!$E$48:$CQ$48, B6) -> 0.025983091 | F6: =[1]!INTERPOLATE('H404'!$E$25:$CC$25, 'H404'!$E$48:$CC$48, B6) -> 0.015679219 | G6: =[1]!INTERPOLATE('H602'!$E$25:$BI$25, 'H602'!$E$48:$BI$48, B6) -> 0.05811853 | H6: =AVERAGE(C6:G6) -> 0.047871973 | J6: =IF(H6<0.85, 1.5*EXP(-3*H6)+0.88, 1) -> 2.1793306 | K6: =IF(H6<1.1, 0.53*EXP(-2.1*H6)-0.05, 0) -> 0.42930918 | L6: =K6/J6 -> 0.19699131
A7: G + Q_PL4 | B7: =30+4.9+1.6*38.1 -> 95.86 | C7: =[1]!INTERPOLATE('H121'!E$25:BJ$25,'H121'!E$48:BJ$48, B7) -> 0.068798838 | D7: =[1]!INTERPOLATE('H401'!$E$25:$BH$25, 'H401'!$E$48:$BH$48, B7) -> 0.13544185 | E7: =[1]!INTERPOLATE('H403'!$E$25:$CQ$25, 'H403'!$E$48:$CQ$48, B7) -> 0.15764 | F7: =[1]!INTERPOLATE('H404'!$E$25:$CC$25, 'H404'!$E$48:$CC$48, B7) -> 0.031710217 | G7: =[1]!INTERPOLATE('H602'!$E$25:$BI$25, 'H602'!$E$48:$BI$48, B7) -> 0.087055074 | H7: =AVERAGE(C7:G7) -> 0.096129196 | J7: =IF(H7<0.85, 1.5*EXP(-3*H7)+0.88, 1) -> 2.0042066 | K7: =IF(H7<1.1, 0.53*EXP(-2.1*H7)-0.05, 0) -> 0.38311605 | L7: =K7/J7 -> 0.19115597
A8: G + Q_PL5 | B8: =30+4.9+1.8*38.1 -> 103.48 | C8: =[1]!INTERPOLATE('H121'!E$25:BJ$25,'H121'!E$48:BJ$48, B8) -> 0.073944788 | D8: =[1]!INTERPOLATE('H401'!$E$25:$BH$25, 'H401'!$E$48:$BH$48, B8) -> 0.17421678 | E8: =[1]!INTERPOLATE('H403'!$E$25:$CQ$25, 'H403'!$E$48:$CQ$48, B8) -> 0.24402456 | F8: =[1]!INTERPOLATE('H404'!$E$25:$CC$25, 'H404'!$E$48:$CC$48, B8) -> 0.05189206 | G8: =[1]!INTERPOLATE('H602'!$E$25:$BI$25, 'H602'!$E$48:$BI$48, B8) -> 0.25575206 | H8: =AVERAGE(C8:G8) -> 0.15996605 | J8: =IF(H8<0.85, 1.5*EXP(-3*H8)+0.88, 1) -> 1.8082696 | K8: =IF(H8<1.1, 0.53*EXP(-2.1*H8)-0.05, 0) -> 0.32877725 | L8: =K8/J8 -> 0.18181871
